Workbook

Sheet P2 Indice
A1: PROYECTO 2 - SEGUNDO PARCIAL DE MECANISMOS - DOSIFICADOR DE TOLVA
A2: Universidad Rafael Landivar - Ing. Eli Saul De Paz Aldana - Entrega: jueves 1 de octubre de 2026
A4: COMO USAR ESTE LIBRO
A5: Ejemplo | B5: Celda amarilla con texto azul | C5: Dato que puedes cambiar (entrada).
A6: Ejemplo | B6: Celda gris | C6: Formula: se calcula sola, no la edites.
A7: Ejemplo | B7: Texto verde | C7: Vinculo a otra hoja del libro.
A8: Ejemplo | B8: Celda lila | C8: Valor importado de MATLAB o Inventor (no es formula; la fuente esta indicada en la hoja).
A9: Ejemplo | B9: Celda verde clara | C9: Verificacion automatica (CUMPLE / VALIDADO).
A11: HOJAS DEL PROYECTO
A12: Inciso | B12: Hoja | C12: Que contiene
A13: a) | B13: P2 a) Datos y Sintesis | C13: Datos del mecanismo (unica hoja con medidas), sintesis de numero (Gruebler), sintesis dimensional paso a paso, puntos muertos, carrera, relacion de tiempos, angulo de transmision y verificacion de requisitos.
A14: e) | B14: P2 Calculadora M-C | C14: Calculadora de una posicion, paso a paso (abierta y cruzada). Por defecto θ2 = 36° = ejemplo resuelto del informe.
A15: e) | B15: P2 e) 10 posiciones | C15: Los 10 calculos de posicion, velocidad y aceleracion + comprobacion contra la Calculadora de Mecanismos (MATLAB).
A16: f) | B16: P2 f) Validacion | C16: Tabla de % de error por posicion: analitico (Excel) vs simulacion MATLAB vs Inventor.
A17: f) | B17: P2 Graficas | C17: Graficas de ω3 y α3 (y del bloque) en funcion de θ2, con los 10 puntos y la simulacion.
A18: f) | B18: P2 Curva | C18: Vuelta completa cada 0.5° (datos de las graficas).
A19: g) | B19: P2 g) Contraste | C19: Contraste experimental: escribir lo medido en el modelo; calcula diferencias y estima holguras, tolerancias, friccion y par del motor.
A20: d) | B20: (lo hace el grupo) | C20: Las 3 mediciones de rpm se escriben en la hoja g) (seccion 1) y en P2_2_Analisis_Validacion.m (rpm_medidas).
A21: — | B21: Fila 1 … Tabla | C21: Hojas originales de la calculadora de cuatro barras (sin cambios).
A23: Mecanismo: manivela-corredera descentrada (inversion del cuatro barras con una junta prismatica): a = 35 mm, b = 132 mm, c = −20 mm, 30 rpm de diseno.
A24: Las hojas originales "Calculadora" y "Tabla" resuelven el cuatro barras con pasadores (Freudenstein); el dosificador usa las hojas P2.

Sheet P2 a) Datos y Sintesis
A1: PROYECTO 2 - DOSIFICADOR DE TOLVA (MANIVELA-CORREDERA DESCENTRADA)
A2: Segundo examen parcial de Mecanismos. Edita SOLO las celdas amarillas (columna C). Todas las hojas que empiezan con "P2" se recalculan solas con estos datos.
A4: 1. DATOS DEL MECANISMO - edita SOLO las celdas amarillas
A5: Parametro | B5: Simbolo | C5: Valor | D5: Unidad | F5: Descripcion
A6: Manivela (eslabon 2) | B6: a | C6: 35 | D6: mm | F6: O2-A. La mueve el motor (rueda naranja en Inventor).
A7: Biela (acoplador, eslabon 3) | B7: b | C7: 132 | D7: mm | F7: A-B (acoplador magenta en Inventor).
A8: Descentrado de la corredera | B8: c | C8: -20 | D8: mm | F8: Negativo: el eje del bloque pasa 20 mm por debajo de O2.
A9: Velocidad del motor (diseno) | B9: n | C9: 30 | D9: rpm | F9: Se usa en los calculos hasta que el grupo mida la real (inciso d).
A10: Sentido de giro | B10: s | C10: 1 | D10: - | F10: +1 antihorario (visto desde el lado de la biela), -1 horario.
A11: Aceleracion angular de entrada | B11: α2 | C11: 0 | D11: rad/s² | F11: 0 = el motor gira a velocidad constante.
A12: Velocidad angular de entrada | B12: ω2 | C12: =C10*C9*2*PI()/60 -> 3.1415927 | D12: rad/s | F12: ω2 = s·n·2π/60
A14: 2. SINTESIS DE NUMERO (Gruebler) - automatico
A15: Concepto | B15: Simbolo | C15: Valor | D15: Unidad | F15: Notas
A16: Eslabones (bancada, manivela, biela, bloque) | B16: L | C16: 4
A17: Juntas completas (3 pasadores + 1 corredera) | B17: J1 | C17: 4
A18: Semijuntas | B18: J2 | C18: 0
A19: Grados de libertad | B19: M | C19: =3*(C16-1)-2*C17-C18 -> 1 | F19: M = 3(L-1) - 2J1 - J2. M = 1: un solo motor define todo el movimiento.
A21: 3. SINTESIS DIMENSIONAL PASO A PASO - automatico
A22: Paso / requisito | B22: Simbolo | C22: Valor | D22: Unidad | F22: Expresion y criterio
A23: R1. Carrera deseada del bloque (dosis) | B23: S obj | C23: 70 | D23: mm | F23: Requisito de diseno: tamano de la dosis.
A24: Paso 1. Manivela sugerida (corredera centrada) | B24: a ≈ S/2 | C24: =C23/2 -> 35 | D24: mm | F24: En la manivela-corredera centrada la carrera vale 2a.
A25: Paso 2. Biela minima para vuelta completa | B25: b min | C25: =P2_a+ABS(P2_c) -> 55 | D25: mm | F25: R2: la manivela gira completa si b ≥ a + |c|.
A26: Paso 3. Biela minima para μ ≥ 45° | B26: b μ45 | C26: =(P2_a+ABS(P2_c))/SIN(RADIANS(45)) -> 77.781746 | D26: mm | F26: R3: el peor μ ocurre en θ2 = 90°: sen(90°-μ) = (a+|c|)/b.
A27: Paso 4. Relacion biela/manivela elegida | B27: b/a | C27: =P2_b/P2_a -> 3.7714286 | D27: - | F27: R5: biela larga (b/a > 3): menos aceleracion y el bloque no choca con la manivela.
A29: 4. RESULTADOS DE LA SINTESIS (inciso a) - automatico
A30: Parametro | B30: Simbolo | C30: Valor | D30: Unidad | F30: Expresion
A31: Posicion en el punto muerto interior | B31: d min | C31: =SQRT((P2_b-P2_a)^2-P2_c^2) -> 94.915752 | D31: mm | F31: d min = √((b−a)² − c²)
A32: θ2 en el punto muerto interior | B32: θ2 int | C32: =MOD(180+DEGREES(ASIN(P2_c/(P2_b-P2_a))),360) -> 168.10109 | D32: ° | F32: θ2 = 180° + asen(c/(b−a))
A33: Posicion en el punto muerto exterior | B33: d max | C33: =SQRT((P2_a+P2_b)^2-P2_c^2) -> 165.79807 | D33: mm | F33: d max = √((a+b)² − c²)
A34: θ2 en el punto muerto exterior | B34: θ2 ext | C34: =MOD(DEGREES(ASIN(P2_c/(P2_a+P2_b))),360) -> 353.12172 | D34: ° | F34: θ2 = asen(c/(a+b))
A35: Carrera del bloque | B35: S | C35: =C33-C31 -> 70.882318 | D35: mm | F35: S = d max − d min
A36: Angulo de manivela en el avance | B36: β av | C36: =IF(P2_sentido>0,MOD(C34-C32,360),360-MOD(C34-C32,360)) -> 185.02063 | D36: ° | F36: Avance: el bloque se aleja de O2 y empuja el material.
A37: Angulo de manivela en el retorno | B37: β ret | C37: =360-C36 -> 174.97937 | D37: ° | F37: β ret = 360° − β av
A38: Relacion de tiempos | B38: Q | C38: =C36/C37 -> 1.0573854 | D38: - | F38: Q = β av / β ret (≠ 1 por el descentrado)
A39: Angulo de transmision minimo | B39: μ min | C39: =90-DEGREES(ASIN((P2_a+ABS(P2_c))/P2_b)) -> 65.375682 | D39: ° | F39: μ min = 90° − asen((a+|c|)/b)
A40: θ2 donde ocurre μ min | B40: θ2 μmin | C40: =IF(P2_c>0,270,90) -> 90 | D40: ° | F40: Manivela perpendicular a la corredera.
A42: 5. VERIFICACION DE LOS REQUISITOS
A43: Requisito | C43: Resultado | F43: Criterio
A44: R1. Carrera cercana a la deseada | C44: =IF(ABS(C35-C23)<=0.05*C23,"CUMPLE ("&FIXED(C35,2)&" mm)","REVISAR ("&FIXED(C35,2)&" mm)") -> CUMPLE (70.88 mm) | F44: |S − S obj| ≤ 5 %
A45: R2. La manivela da vuelta completa | C45: =IF(P2_b>=P2_a+ABS(P2_c),"CUMPLE","NO CUMPLE") -> CUMPLE | F45: b ≥ a + |c|
A46: R3. Angulo de transmision minimo ≥ 45° | C46: =IF(C39>=45,"CUMPLE (μ min = "&FIXED(C39,1)&"°)","NO CUMPLE (μ min = "&FIXED(C39,1)&"°)") -> CUMPLE (μ min = 65.4°) | F46: μ min ≥ 45°
A47: R5. Biela larga | C47: =IF(C27>3,"CUMPLE (b/a = "&FIXED(C27,2)&")","REVISAR (b/a = "&FIXED(C27,2)&")") -> CUMPLE (b/a = 3.77) | F47: b/a > 3
A48: Grados de libertad | C48: =IF(C19=1,"CUMPLE (M = 1)","REVISAR") -> CUMPLE (M = 1) | F48: M = 1
A50: R4 (descentrado c = −20 mm) es una condicion geometrica del ensamble: el eje del motor queda 20 mm arriba del pasador del bloque.

Sheet P2 Calculadora M-C
A1: CALCULADORA MANIVELA-CORREDERA (una posicion, paso a paso)
A2: Mismas ecuaciones que la Calculadora_Mecanismos.m del grupo (mecanismo 3). Las medidas y ω2 vienen de la hoja "P2 a) Datos y Sintesis"; aqui solo se cambia θ2 (celda amarilla). Por defecto θ2 = 36°: es el ejemplo resuelto del informe.
A4: 1. DATOS
A5: Parametro | B5: Simbolo | C5: Valor | D5: Unidad | F5: Origen
A6: Manivela | B6: a | C6: =P2_a -> 35 | D6: mm | F6: Hoja P2 a) Datos y Sintesis
A7: Biela | B7: b | C7: =P2_b -> 132 | D7: mm | F7: Hoja P2 a) Datos y Sintesis
A8: Descentrado | B8: c | C8: =P2_c -> -20 | D8: mm | F8: Hoja P2 a) Datos y Sintesis
A9: Velocidad angular de entrada | B9: ω2 | C9: =P2_w2 -> 3.1415927 | D9: rad/s | F9: Hoja P2 a) Datos y Sintesis
A10: Aceleracion angular de entrada | B10: α2 | C10: =P2_al2 -> 0 | D10: rad/s² | F10: Hoja P2 a) Datos y Sintesis
A11: Angulo de la manivela | B11: θ2 | C11: 36 | D11: grados | F11: Escribe cualquier angulo de 0 a 360.
A13: 2. POSICION
A14: Variable | B14: Simbolo | C14: Solucion ABIERTA | D14: Solucion CRUZADA | E14: Unidad | F14: Expresion (Norton)
A15: Seno del angulo de la biela (auxiliar) | B15: s | C15: =(C6*SIN(RADIANS($C$11))-C8)/C7 -> 0.3073673 | D15: =(C6*SIN(RADIANS($C$11))-C8)/C7 -> 0.3073673 | E15: - | F15: s = (a·sen θ2 − c)/b
A16: Angulo de la biela | B16: θ3 | C16: =180-DEGREES(ASIN(C15)) -> 162.09936 | D16: =MOD(DEGREES(ASIN(D15)),360) -> 17.900643 | E16: ° | F16: θ3 = 180° − asen(s) (abierta); θ3 = asen(s) (cruzada)
A17: Posicion del bloque | B17: d | C17: =C6*COS(RADIANS($C$11))-C7*COS(RADIANS(C16)) -> 153.9256 | D17: =C6*COS(RADIANS($C$11))-C7*COS(RADIANS(D16)) -> -97.294411 | E17: mm | F17: d = a·cos θ2 − b·cos θ3
A18: Punto A - x | B18: Ax | C18: =C6*COS(RADIANS($C$11)) -> 28.315595 | D18: =C6*COS(RADIANS($C$11)) -> 28.315595 | E18: mm | F18: Ax = a·cos θ2
A19: Punto A - y | B19: Ay | C19: =C6*SIN(RADIANS($C$11)) -> 20.572484 | D19: =C6*SIN(RADIANS($C$11)) -> 20.572484 | E19: mm | F19: Ay = a·sen θ2
A20: Punto B - x | B20: Bx | C20: =C17 -> 153.9256 | D20: =D17 -> -97.294411 | E20: mm | F20: Bx = d
A21: Punto B - y | B21: By | C21: =C8 -> -20 | D21: =C8 -> -20 | E21: mm | F21: By = c
A22: Angulo de transmision | B22: μ | C22: =IF(MOD(ABS(C16-90),180)>90,180-MOD(ABS(C16-90),180),MOD(ABS(C16-90),180)) -> 72.099357 | D22: =IF(MOD(ABS(D16-90),180)>90,180-MOD(ABS(D16-90),180),MOD(ABS(D16-90),180)) -> 72.099357 | E22: ° | F22: Angulo agudo entre la biela y la normal a la corredera
A23: Comprobacion del lazo en x (debe ser 0) | B23: Rx | C23: =C6*COS(RADIANS($C$11))-C7*COS(RADIANS(C16))-C17 -> 0 | D23: =C6*COS(RADIANS($C$11))-C7*COS(RADIANS(D16))-D17 -> 0 | E23: mm | F23: a·cos θ2 − b·cos θ3 − d = 0
A24: Comprobacion del lazo en y (debe ser 0) | B24: Ry | C24: =C6*SIN(RADIANS($C$11))-C7*SIN(RADIANS(C16))-C8 -> 0 | D24: =C6*SIN(RADIANS($C$11))-C7*SIN(RADIANS(D16))-C8 -> 0 | E24: mm | F24: a·sen θ2 − b·sen θ3 − c = 0
A26: 3. VELOCIDAD
A27: Variable | B27: Simbolo | C27: Solucion ABIERTA | D27: Solucion CRUZADA | E27: Unidad | F27: Expresion
A28: Velocidad angular de la biela | B28: ω3 | C28: =C6*C9*COS(RADIANS($C$11))/(C7*COS(RADIANS(C16))) -> -0.7081925 | D28: =C6*C9*COS(RADIANS($C$11))/(C7*COS(RADIANS(D16))) -> 0.7081925 | E28: rad/s | F28: ω3 = a·ω2·cos θ2 / (b·cos θ3)
A29: Velocidad del bloque | B29: V_B | C29: =-C6*C9*SIN(RADIANS($C$11))+C7*C28*SIN(RADIANS(C16)) -> -93.363493 | D29: =-C6*C9*SIN(RADIANS($C$11))+C7*D28*SIN(RADIANS(D16)) -> -35.897235 | E29: mm/s | F29: V_B = −a·ω2·sen θ2 + b·ω3·sen θ3
A30: Velocidad de A - x | B30: VAx | C30: =-C6*C9*SIN(RADIANS($C$11)) -> -64.630364 | D30: =-C6*C9*SIN(RADIANS($C$11)) -> -64.630364 | E30: mm/s | F30: VAx = −a·ω2·sen θ2
A31: Velocidad de A - y | B31: VAy | C31: =C6*C9*COS(RADIANS($C$11)) -> 88.956065 | D31: =C6*C9*COS(RADIANS($C$11)) -> 88.956065 | E31: mm/s | F31: VAy = a·ω2·cos θ2
A32: Velocidad de A - magnitud | B32: |V_A| | C32: =SQRT(C30^2+C31^2) -> 109.95574 | D32: =SQRT(D30^2+D31^2) -> 109.95574 | E32: mm/s | F32: |V_A| = a·|ω2| (constante)
A33: Velocidad de B respecto de A | B33: |V_B/A| | C33: =ABS(C7*C28) -> 93.481411 | D33: =ABS(C7*D28) -> 93.481411 | E33: mm/s | F33: |V_B/A| = b·|ω3|
A35: 4. ACELERACION
A36: Variable | B36: Simbolo | C36: Solucion ABIERTA | D36: Solucion CRUZADA | E36: Unidad | F36: Expresion
A37: Aceleracion angular de la biela | B37: α3 | C37: =(C6*C10*COS(RADIANS($C$11))-C6*C9^2*SIN(RADIANS($C$11))+C7*C28^2*SIN(RADIANS(C16)))/(C7*COS(RADIANS(C16))) -> 1.4544517 | D37: =(C6*C10*COS(RADIANS($C$11))-C6*C9^2*SIN(RADIANS($C$11))+C7*D28^2*SIN(RADIANS(D16)))/(C7*COS(RADIANS(D16))) -> -1.4544517 | E37: rad/s² | F37: α3 = (a·α2·cos θ2 − a·ω2²·sen θ2 + b·ω3²·sen θ3) / (b·cos θ3)
A38: Aceleracion del bloque | B38: A_B | C38: =-C6*C10*SIN(RADIANS($C$11))-C6*C9^2*COS(RADIANS($C$11))+C7*C37*SIN(RADIANS(C16))+C7*C28^2*COS(RADIANS(C16)) -> -283.45102 | D38: =-C6*C10*SIN(RADIANS($C$11))-C6*C9^2*COS(RADIANS($C$11))+C7*D37*SIN(RADIANS(D16))+C7*D28^2*COS(RADIANS(D16)) -> -275.47642 | E38: mm/s² | F38: A_B = −a·α2·sen θ2 − a·ω2²·cos θ2 + b·α3·sen θ3 + b·ω3²·cos θ3
A39: Aceleracion de A - x | B39: AAx | C39: =-C6*C9^2*COS(RADIANS($C$11))-C6*C10*SIN(RADIANS($C$11)) -> -279.46372 | D39: =-C6*C9^2*COS(RADIANS($C$11))-C6*C10*SIN(RADIANS($C$11)) -> -279.46372 | E39: mm/s² | F39: AAx = −a·ω2²·cos θ2 − a·α2·sen θ2
A40: Aceleracion de A - y | B40: AAy | C40: =-C6*C9^2*SIN(RADIANS($C$11))+C6*C10*COS(RADIANS($C$11)) -> -203.04228 | D40: =-C6*C9^2*SIN(RADIANS($C$11))+C6*C10*COS(RADIANS($C$11)) -> -203.04228 | E40: mm/s² | F40: AAy = −a·ω2²·sen θ2 + a·α2·cos θ2
A41: Aceleracion de A - magnitud | B41: |A_A| | C41: =SQRT(C39^2+C40^2) -> 345.43615 | D41: =SQRT(D39^2+D40^2) -> 345.43615 | E41: mm/s² | F41: |A_A| = a·ω2² (si α2 = 0)
A43: Signos: ω y α positivos = antihorario. V_B < 0: el bloque se acerca a O2 (retorno). La solucion ABIERTA es la del dosificador (bloque a la derecha de O2).

Sheet P2 e) 10 posiciones
A1: INCISO e) - POSICION, VELOCIDAD Y ACELERACION EN 10 POSICIONES
A2: Ecuaciones cerradas de Norton para la manivela-corredera (solucion abierta). Los angulos θ2 (amarillo) se pueden cambiar; medidas y ω2 vienen de "P2 a) Datos y Sintesis".
A4: 1. RESULTADOS DE LAS 10 POSICIONES
A5: Pos | B5: θ2 (°) | C5: θ3 (°) | D5: d (mm) | E5: μ (°) | F5: ω3 (rad/s) | G5: V_B (mm/s) | H5: α3 (rad/s²) | I5: A_B (mm/s²) | J5: |V_A| (mm/s) | K5: |A_A| (mm/s²) | L5: Sentido del bloque
A6: 1 | B6: 0 | C6: =180-DEGREES(ASIN((P2_a*SIN(RADIANS($B6))-P2_c)/P2_b)) -> 171.28526 | D6: =P2_a*COS(RADIANS($B6))-P2_b*COS(RADIANS(C6)) -> 165.47605 | E6: =90-DEGREES(ASIN(ABS((P2_a*SIN(RADIANS($B6))-P2_c)/P2_b))) -> 81.285258 | F6: =P2_a*P2_w2*COS(RADIANS($B6))/(P2_b*COS(RADIANS(C6))) -> -0.84272739 | G6: =-P2_a*P2_w2*SIN(RADIANS($B6))+P2_b*F6*SIN(RADIANS(C6)) -> -16.854548 | H6: =(P2_a*P2_al2*COS(RADIANS($B6))-P2_a*P2_w2^2*SIN(RADIANS($B6))+P2_b*F6^2*SIN(RADIANS(C6)))/(P2_b*COS(RADIANS(C6))) -> -0.10886127 | I6: =-P2_a*P2_al2*SIN(RADIANS($B6))-P2_a*P2_w2^2*COS(RADIANS($B6))+P2_b*H6*SIN(RADIANS(C6))+P2_b*F6^2*COS(RADIANS(C6)) -> -440.2761 | J6: =SQRT((-P2_a*P2_w2*SIN(RADIANS($B6)))^2+(P2_a*P2_w2*COS(RADIANS($B6)))^2) -> 109.95574 | K6: =SQRT((-P2_a*P2_w2^2*COS(RADIANS($B6))-P2_a*P2_al2*SIN(RADIANS($B6)))^2+(-P2_a*P2_w2^2*SIN(RADIANS($B6))+P2_a*P2_al2*COS(RADIANS($B6)))^2) -> 345.43615 | L6: =IF(G6>0,"avanza (empuja)",IF(G6<0,"retorna","detenido")) -> retorna
A7: 2 | B7: 36 | C7: =180-DEGREES(ASIN((P2_a*SIN(RADIANS($B7))-P2_c)/P2_b)) -> 162.09936 | D7: =P2_a*COS(RADIANS($B7))-P2_b*COS(RADIANS(C7)) -> 153.9256 | E7: =90-DEGREES(ASIN(ABS((P2_a*SIN(RADIANS($B7))-P2_c)/P2_b))) -> 72.099357 | F7: =P2_a*P2_w2*COS(RADIANS($B7))/(P2_b*COS(RADIANS(C7))) -> -0.7081925 | G7: =-P2_a*P2_w2*SIN(RADIANS($B7))+P2_b*F7*SIN(RADIANS(C7)) -> -93.363493 | H7: =(P2_a*P2_al2*COS(RADIANS($B7))-P2_a*P2_w2^2*SIN(RADIANS($B7))+P2_b*F7^2*SIN(RADIANS(C7)))/(P2_b*COS(RADIANS(C7))) -> 1.4544517 | I7: =-P2_a*P2_al2*SIN(RADIANS($B7))-P2_a*P2_w2^2*COS(RADIANS($B7))+P2_b*H7*SIN(RADIANS(C7))+P2_b*F7^2*COS(RADIANS(C7)) -> -283.45102 | J7: =SQRT((-P2_a*P2_w2*SIN(RADIANS($B7)))^2+(P2_a*P2_w2*COS(RADIANS($B7)))^2) -> 109.95574 | K7: =SQRT((-P2_a*P2_w2^2*COS(RADIANS($B7))-P2_a*P2_al2*SIN(RADIANS($B7)))^2+(-P2_a*P2_w2^2*SIN(RADIANS($B7))+P2_a*P2_al2*COS(RADIANS($B7)))^2) -> 345.43615 | L7: =IF(G7>0,"avanza (empuja)",IF(G7<0,"retorna","detenido")) -> retorna
A8: 3 | B8: 72 | C8: =180-DEGREES(ASIN((P2_a*SIN(RADIANS($B8))-P2_c)/P2_b)) -> 156.19099 | D8: =P2_a*COS(RADIANS($B8))-P2_b*COS(RADIANS(C8)) -> 131.58189 | E8: =90-DEGREES(ASIN(ABS((P2_a*SIN(RADIANS($B8))-P2_c)/P2_b))) -> 66.190987 | F8: =P2_a*P2_w2*COS(RADIANS($B8))/(P2_b*COS(RADIANS(C8))) -> -0.28135494 | G8: =-P2_a*P2_w2*SIN(RADIANS($B8))+P2_b*F8*SIN(RADIANS(C8)) -> -119.56668 | H8: =(P2_a*P2_al2*COS(RADIANS($B8))-P2_a*P2_w2^2*SIN(RADIANS($B8))+P2_b*F8^2*SIN(RADIANS(C8)))/(P2_b*COS(RADIANS(C8))) -> 2.6854436 | I8: =-P2_a*P2_al2*SIN(RADIANS($B8))-P2_a*P2_w2^2*COS(RADIANS($B8))+P2_b*H8*SIN(RADIANS(C8))+P2_b*F8^2*COS(RADIANS(C8)) -> 26.793601 | J8: =SQRT((-P2_a*P2_w2*SIN(RADIANS($B8)))^2+(P2_a*P2_w2*COS(RADIANS($B8)))^2) -> 109.95574 | K8: =SQRT((-P2_a*P2_w2^2*COS(RADIANS($B8))-P2_a*P2_al2*SIN(RADIANS($B8)))^2+(-P2_a*P2_w2^2*SIN(RADIANS($B8))+P2_a*P2_al2*COS(RADIANS($B8)))^2) -> 345.43615 | L8: =IF(G8>0,"avanza (empuja)",IF(G8<0,"retorna","detenido")) -> retorna
A9: 4 | B9: 108 | C9: =180-DEGREES(ASIN((P2_a*SIN(RADIANS($B9))-P2_c)/P2_b)) -> 156.19099 | D9: =P2_a*COS(RADIANS($B9))-P2_b*COS(RADIANS(C9)) -> 109.9507 | E9: =90-DEGREES(ASIN(ABS((P2_a*SIN(RADIANS($B9))-P2_c)/P2_b))) -> 66.190987 | F9: =P2_a*P2_w2*COS(RADIANS($B9))/(P2_b*COS(RADIANS(C9))) -> 0.28135494 | G9: =-P2_a*P2_w2*SIN(RADIANS($B9))+P2_b*F9*SIN(RADIANS(C9)) -> -89.581571 | H9: =(P2_a*P2_al2*COS(RADIANS($B9))-P2_a*P2_w2^2*SIN(RADIANS($B9))+P2_b*F9^2*SIN(RADIANS(C9)))/(P2_b*COS(RADIANS(C9))) -> 2.6854436 | I9: =-P2_a*P2_al2*SIN(RADIANS($B9))-P2_a*P2_w2^2*COS(RADIANS($B9))+P2_b*H9*SIN(RADIANS(C9))+P2_b*F9^2*COS(RADIANS(C9)) -> 240.28489 | J9: =SQRT((-P2_a*P2_w2*SIN(RADIANS($B9)))^2+(P2_a*P2_w2*COS(RADIANS($B9)))^2) -> 109.95574 | K9: =SQRT((-P2_a*P2_w2^2*COS(RADIANS($B9))-P2_a*P2_al2*SIN(RADIANS($B9)))^2+(-P2_a*P2_w2^2*SIN(RADIANS($B9))+P2_a*P2_al2*COS(RADIANS($B9)))^2) -> 345.43615 | L9: =IF(G9>0,"avanza (empuja)",IF(G9<0,"retorna","detenido")) -> retorna
A10: 5 | B10: 144 | C10: =180-DEGREES(ASIN((P2_a*SIN(RADIANS($B10))-P2_c)/P2_b)) -> 162.09936 | D10: =P2_a*COS(RADIANS($B10))-P2_b*COS(RADIANS(C10)) -> 97.294411 | E10: =90-DEGREES(ASIN(ABS((P2_a*SIN(RADIANS($B10))-P2_c)/P2_b))) -> 72.099357 | F10: =P2_a*P2_w2*COS(RADIANS($B10))/(P2_b*COS(RADIANS(C10))) -> 0.7081925 | G10: =-P2_a*P2_w2*SIN(RADIANS($B10))+P2_b*F10*SIN(RADIANS(C10)) -> -35.897235 | H10: =(P2_a*P2_al2*COS(RADIANS($B10))-P2_a*P2_w2^2*SIN(RADIANS($B10))+P2_b*F10^2*SIN(RADIANS(C10)))/(P2_b*COS(RADIANS(C10))) -> 1.4544517 | I10: =-P2_a*P2_al2*SIN(RADIANS($B10))-P2_a*P2_w2^2*COS(RADIANS($B10))+P2_b*H10*SIN(RADIANS(C10))+P2_b*F10^2*COS(RADIANS(C10)) -> 275.47642 | J10: =SQRT((-P2_a*P2_w2*SIN(RADIANS($B10)))^2+(P2_a*P2_w2*COS(RADIANS($B10)))^2) -> 109.95574 | K10: =SQRT((-P2_a*P2_w2^2*COS(RADIANS($B10))-P2_a*P2_al2*SIN(RADIANS($B10)))^2+(-P2_a*P2_w2^2*SIN(RADIANS($B10))+P2_a*P2_al2*COS(RADIANS($B10)))^2) -> 345.43615 | L10: =IF(G10>0,"avanza (empuja)",IF(G10<0,"retorna","detenido")) -> retorna
A11: 6 | B11: 180 | C11: =180-DEGREES(ASIN((P2_a*SIN(RADIANS($B11))-P2_c)/P2_b)) -> 171.28526 | D11: =P2_a*COS(RADIANS($B11))-P2_b*COS(RADIANS(C11)) -> 95.476051 | E11: =90-DEGREES(ASIN(ABS((P2_a*SIN(RADIANS($B11))-P2_c)/P2_b))) -> 81.285258 | F11: =P2_a*P2_w2*COS(RADIANS($B11))/(P2_b*COS(RADIANS(C11))) -> 0.84272739 | G11: =-P2_a*P2_w2*SIN(RADIANS($B11))+P2_b*F11*SIN(RADIANS(C11)) -> 16.854548 | H11: =(P2_a*P2_al2*COS(RADIANS($B11))-P2_a*P2_w2^2*SIN(RADIANS($B11))+P2_b*F11^2*SIN(RADIANS(C11)))/(P2_b*COS(RADIANS(C11))) -> -0.10886127 | I11: =-P2_a*P2_al2*SIN(RADIANS($B11))-P2_a*P2_w2^2*COS(RADIANS($B11))+P2_b*H11*SIN(RADIANS(C11))+P2_b*F11^2*COS(RADIANS(C11)) -> 250.59621 | J11: =SQRT((-P2_a*P2_w2*SIN(RADIANS($B11)))^2+(P2_a*P2_w2*COS(RADIANS($B11)))^2) -> 109.95574 | K11: =SQRT((-P2_a*P2_w2^2*COS(RADIANS($B11))-P2_a*P2_al2*SIN(RADIANS($B11)))^2+(-P2_a*P2_w2^2*SIN(RADIANS($B11))+P2_a*P2_al2*COS(RADIANS($B11)))^2) -> 345.43615 | L11: =IF(G11>0,"avanza (empuja)",IF(G11<0,"retorna","detenido")) -> avanza (empuja)
A12: 7 | B12: 216 | C12: =180-DEGREES(ASIN((P2_a*SIN(RADIANS($B12))-P2_c)/P2_b)) -> 180.24849 | D12: =P2_a*COS(RADIANS($B12))-P2_b*COS(RADIANS(C12)) -> 103.68316 | E12: =90-DEGREES(ASIN(ABS((P2_a*SIN(RADIANS($B12))-P2_c)/P2_b))) -> 89.751507 | F12: =P2_a*P2_w2*COS(RADIANS($B12))/(P2_b*COS(RADIANS(C12))) -> 0.67391592 | G12: =-P2_a*P2_w2*SIN(RADIANS($B12))+P2_b*F12*SIN(RADIANS(C12)) -> 64.244558 | H12: =(P2_a*P2_al2*COS(RADIANS($B12))-P2_a*P2_w2^2*SIN(RADIANS($B12))+P2_b*F12^2*SIN(RADIANS(C12)))/(P2_b*COS(RADIANS(C12))) -> -1.5362438 | I12: =-P2_a*P2_al2*SIN(RADIANS($B12))-P2_a*P2_w2^2*COS(RADIANS($B12))+P2_b*H12*SIN(RADIANS(C12))+P2_b*F12^2*COS(RADIANS(C12)) -> 220.39429 | J12: =SQRT((-P2_a*P2_w2*SIN(RADIANS($B12)))^2+(P2_a*P2_w2*COS(RADIANS($B12)))^2) -> 109.95574 | K12: =SQRT((-P2_a*P2_w2^2*COS(RADIANS($B12))-P2_a*P2_al2*SIN(RADIANS($B12)))^2+(-P2_a*P2_w2^2*SIN(RADIANS($B12))+P2_a*P2_al2*COS(RADIANS($B12)))^2) -> 345.43615 | L12: =IF(G12>0,"avanza (empuja)",IF(G12<0,"retorna","detenido")) -> avanza (empuja)
A13: 8 | B13: 252 | C13: =180-DEGREES(ASIN((P2_a*SIN(RADIANS($B13))-P2_c)/P2_b)) -> 185.77712 | D13: =P2_a*COS(RADIANS($B13))-P2_b*COS(RADIANS(C13)) -> 120.51398 | E13: =90-DEGREES(ASIN(ABS((P2_a*SIN(RADIANS($B13))-P2_c)/P2_b))) -> 84.222884 | F13: =P2_a*P2_w2*COS(RADIANS($B13))/(P2_b*COS(RADIANS(C13))) -> 0.25872462 | G13: =-P2_a*P2_w2*SIN(RADIANS($B13))+P2_b*F13*SIN(RADIANS(C13)) -> 101.13646 | H13: =(P2_a*P2_al2*COS(RADIANS($B13))-P2_a*P2_w2^2*SIN(RADIANS($B13))+P2_b*F13^2*SIN(RADIANS(C13)))/(P2_b*COS(RADIANS(C13))) -> -2.4947915 | I13: =-P2_a*P2_al2*SIN(RADIANS($B13))-P2_a*P2_w2^2*COS(RADIANS($B13))+P2_b*H13*SIN(RADIANS(C13))+P2_b*F13^2*COS(RADIANS(C13)) -> 131.10289 | J13: =SQRT((-P2_a*P2_w2*SIN(RADIANS($B13)))^2+(P2_a*P2_w2*COS(RADIANS($B13)))^2) -> 109.95574 | K13: =SQRT((-P2_a*P2_w2^2*COS(RADIANS($B13))-P2_a*P2_al2*SIN(RADIANS($B13)))^2+(-P2_a*P2_w2^2*SIN(RADIANS($B13))+P2_a*P2_al2*COS(RADIANS($B13)))^2) -> 345.43615 | L13: =IF(G13>0,"avanza (empuja)",IF(G13<0,"retorna","detenido")) -> avanza (empuja)
A14: 9 | B14: 288 | C14: =180-DEGREES(ASIN((P2_a*SIN(RADIANS($B14))-P2_c)/P2_b)) -> 185.77712 | D14: =P2_a*COS(RADIANS($B14))-P2_b*COS(RADIANS(C14)) -> 142.14517 | E14: =90-DEGREES(ASIN(ABS((P2_a*SIN(RADIANS($B14))-P2_c)/P2_b))) -> 84.222884 | F14: =P2_a*P2_w2*COS(RADIANS($B14))/(P2_b*COS(RADIANS(C14))) -> -0.25872462 | G14: =-P2_a*P2_w2*SIN(RADIANS($B14))+P2_b*F14*SIN(RADIANS(C14)) -> 108.01179 | H14: =(P2_a*P2_al2*COS(RADIANS($B14))-P2_a*P2_w2^2*SIN(RADIANS($B14))+P2_b*F14^2*SIN(RADIANS(C14)))/(P2_b*COS(RADIANS(C14))) -> -2.4947915 | I14: =-P2_a*P2_al2*SIN(RADIANS($B14))-P2_a*P2_w2^2*COS(RADIANS($B14))+P2_b*H14*SIN(RADIANS(C14))+P2_b*F14^2*COS(RADIANS(C14)) -> -82.388397 | J14: =SQRT((-P2_a*P2_w2*SIN(RADIANS($B14)))^2+(P2_a*P2_w2*COS(RADIANS($B14)))^2) -> 109.95574 | K14: =SQRT((-P2_a*P2_w2^2*COS(RADIANS($B14))-P2_a*P2_al2*SIN(RADIANS($B14)))^2+(-P2_a*P2_w2^2*SIN(RADIANS($B14))+P2_a*P2_al2*COS(RADIANS($B14)))^2) -> 345.43615 | L14: =IF(G14>0,"avanza (empuja)",IF(G14<0,"retorna","detenido")) -> avanza (empuja)
A15: 10 | B15: 324 | C15: =180-DEGREES(ASIN((P2_a*SIN(RADIANS($B15))-P2_c)/P2_b)) -> 180.24849 | D15: =P2_a*COS(RADIANS($B15))-P2_b*COS(RADIANS(C15)) -> 160.31435 | E15: =90-DEGREES(ASIN(ABS((P2_a*SIN(RADIANS($B15))-P2_c)/P2_b))) -> 89.751507 | F15: =P2_a*P2_w2*COS(RADIANS($B15))/(P2_b*COS(RADIANS(C15))) -> -0.67391592 | G15: =-P2_a*P2_w2*SIN(RADIANS($B15))+P2_b*F15*SIN(RADIANS(C15)) -> 65.01617 | H15: =(P2_a*P2_al2*COS(RADIANS($B15))-P2_a*P2_w2^2*SIN(RADIANS($B15))+P2_b*F15^2*SIN(RADIANS(C15)))/(P2_b*COS(RADIANS(C15))) -> -1.5362438 | I15: =-P2_a*P2_al2*SIN(RADIANS($B15))-P2_a*P2_w2^2*COS(RADIANS($B15))+P2_b*H15*SIN(RADIANS(C15))+P2_b*F15^2*COS(RADIANS(C15)) -> -338.53315 | J15: =SQRT((-P2_a*P2_w2*SIN(RADIANS($B15)))^2+(P2_a*P2_w2*COS(RADIANS($B15)))^2) -> 109.95574 | K15: =SQRT((-P2_a*P2_w2^2*COS(RADIANS($B15))-P2_a*P2_al2*SIN(RADIANS($B15)))^2+(-P2_a*P2_w2^2*SIN(RADIANS($B15))+P2_a*P2_al2*COS(RADIANS($B15)))^2) -> 345.43615 | L15: =IF(G15>0,"avanza (empuja)",IF(G15<0,"retorna","detenido")) -> avanza (empuja)
A17: Extremos entre las 10 posiciones:
A18: max |V_B| (mm/s) | D18: =SUMPRODUCT(MAX(ABS(G6:G15))) -> 119.56668 | F18: En la vuelta completa (hoja P2 Curva): max |V_B| = | J18: =SUMPRODUCT(MAX(ABS('P2 Curva'!F6:F726))) -> 119.8018 | K18: ="en θ2 = "&FIXED(SUMPRODUCT((ABS('P2 Curva'!F6:F726)=J18)*'P2 Curva'!A6:A726)/SUMPRODUCT(--(ABS('P2 Curva'!F6:F726)=J18)),1)&"°" -> en θ2 = 69.0°
A19: max |A_B| (mm/s²) | D19: =SUMPRODUCT(MAX(ABS(I6:I15))) -> 440.2761 | F19: En la vuelta completa (hoja P2 Curva): max |A_B| = | J19: =SUMPRODUCT(MAX(ABS('P2 Curva'!H6:H726))) -> 441.48911 | K19: ="en θ2 = "&FIXED(SUMPRODUCT((ABS('P2 Curva'!H6:H726)=J19)*'P2 Curva'!A6:A726)/SUMPRODUCT(--(ABS('P2 Curva'!H6:H726)=J19)),1)&"°" -> en θ2 = 356.5°
A20: max |ω3| (rad/s) | D20: =SUMPRODUCT(MAX(ABS(F6:F15))) -> 0.84272739 | F20: En la vuelta completa (hoja P2 Curva): max |ω3| = | J20: =SUMPRODUCT(MAX(ABS('P2 Curva'!E6:E726))) -> 0.84349737
A21: max |α3| (rad/s²) | D21: =SUMPRODUCT(MAX(ABS(H6:H15))) -> 2.6854436 | F21: En la vuelta completa (hoja P2 Curva): max |α3| = | J21: =SUMPRODUCT(MAX(ABS('P2 Curva'!G6:G726))) -> 2.8787346
A23: 2. COMPROBACION CON LA CALCULADORA DE MECANISMOS DEL GRUPO (MATLAB, mecanismo 3, solucion Abierta)
A24: Valores que muestra la calculadora en pantalla (4 decimales) con a = 35, b = 132, c = −20, ω2 = 3.1416 rad/s (30 rpm), α2 = 0. Fuente: P2_1_Calculadora_10_posiciones.m (Resultados_MATLAB/calculadora_10pos.json y capturas). La diferencia solo es de redondeo mientras los datos de la hoja de Datos sean los de diseno.
A25: Pos | B25: θ2 (°) | C25: θ3 calc | D25: d calc | E25: μ calc | F25: ω3 calc | G25: V_B calc | H25: α3 calc | I25: A_B calc | J25: max |Excel − calc| | K25: Coinciden
A26: 1 | B26: 0 | C26: 171.2853 | D26: 165.4761 | E26: 81.2853 | F26: -0.8427 | G26: -16.8545 | H26: -0.1089 | I26: -440.2761 | J26: =MAX(ABS(C6-C26),ABS(D6-D26),ABS(E6-E26),ABS(F6-F26),ABS(G6-G26),ABS(H6-H26),ABS(I6-I26)) -> 4.8557599e-05 | K26: =IF(AND(B26=B6,J26<=0.00051),"SI (redondeo)","NO - revisar datos") -> SI (redondeo)
A27: 2 | B27: 36 | C27: 162.0994 | D27: 153.9256 | E27: 72.0994 | F27: -0.7082 | G27: -93.3635 | H27: 1.4545 | I27: -283.451 | J27: =MAX(ABS(C7-C27),ABS(D7-D27),ABS(E7-E27),ABS(F7-F27),ABS(G7-G27),ABS(H7-H27),ABS(I7-I27)) -> 4.8268693e-05 | K27: =IF(AND(B27=B7,J27<=0.00051),"SI (redondeo)","NO - revisar datos") -> SI (redondeo)
A28: 3 | B28: 72 | C28: 156.191 | D28: 131.5819 | E28: 66.191 | F28: -0.2814 | G28: -119.5667 | H28: 2.6854 | I28: 26.7936 | J28: =MAX(ABS(C8-C28),ABS(D8-D28),ABS(E8-E28),ABS(F8-F28),ABS(G8-G28),ABS(H8-H28),ABS(I8-I28)) -> 4.5063806e-05 | K28: =IF(AND(B28=B8,J28<=0.00051),"SI (redondeo)","NO - revisar datos") -> SI (redondeo)
A29: 4 | B29: 108 | C29: 156.191 | D29: 109.9507 | E29: 66.191 | F29: 0.2814 | G29: -89.5816 | H29: 2.6854 | I29: 240.2849 | J29: =MAX(ABS(C9-C29),ABS(D9-D29),ABS(E9-E29),ABS(F9-F29),ABS(G9-G29),ABS(H9-H29),ABS(I9-I29)) -> 4.5063806e-05 | K29: =IF(AND(B29=B9,J29<=0.00051),"SI (redondeo)","NO - revisar datos") -> SI (redondeo)
A30: 5 | B30: 144 | C30: 162.0994 | D30: 97.2944 | E30: 72.0994 | F30: 0.7082 | G30: -35.8972 | H30: 1.4545 | I30: 275.4764 | J30: =MAX(ABS(C10-C30),ABS(D10-D30),ABS(E10-E30),ABS(F10-F30),ABS(G10-G30),ABS(H10-H30),ABS(I10-I30)) -> 4.8268693e-05 | K30: =IF(AND(B30=B10,J30<=0.00051),"SI (redondeo)","NO - revisar datos") -> SI (redondeo)
A31: 6 | B31: 180 | C31: 171.2853 | D31: 95.4761 | E31: 81.2853 | F31: 0.8427 | G31: 16.8545 | H31: -0.1089 | I31: 250.5962 | J31: =MAX(ABS(C11-C31),ABS(D11-D31),ABS(E11-E31),ABS(F11-F31),ABS(G11-G31),ABS(H11-H31),ABS(I11-I31)) -> 4.8557599e-05 | K31: =IF(AND(B31=B11,J31<=0.00051),"SI (redondeo)","NO - revisar datos") -> SI (redondeo)
A32: 7 | B32: 216 | C32: 180.2485 | D32: 103.6832 | E32: 89.7515 | F32: 0.6739 | G32: 64.2446 | H32: -1.5362 | I32: 220.3943 | J32: =MAX(ABS(C12-C32),ABS(D12-D32),ABS(E12-E32),ABS(F12-F32),ABS(G12-G32),ABS(H12-H32),ABS(I12-I32)) -> 4.3813027e-05 | K32: =IF(AND(B32=B12,J32<=0.00051),"SI (redondeo)","NO - revisar datos") -> SI (redondeo)
A33: 8 | B33: 252 | C33: 185.7771 | D33: 120.514 | E33: 84.2229 | F33: 0.2587 | G33: 101.1365 | H33: -2.4948 | I33: 131.1029 | J33: =MAX(ABS(C13-C33),ABS(D13-D33),ABS(E13-E33),ABS(F13-F33),ABS(G13-G33),ABS(H13-H33),ABS(I13-I33)) -> 4.2569159e-05 | K33: =IF(AND(B33=B13,J33<=0.00051),"SI (redondeo)","NO - revisar datos") -> SI (redondeo)
A34: 9 | B34: 288 | C34: 185.7771 | D34: 142.1452 | E34: 84.2229 | F34: -0.2587 | G34: 108.0118 | H34: -2.4948 | I34: -82.3884 | J34: =MAX(ABS(C14-C34),ABS(D14-D34),ABS(E14-E34),ABS(F14-F34),ABS(G14-G34),ABS(H14-H34),ABS(I14-I34)) -> 3.4217e-05 | K34: =IF(AND(B34=B14,J34<=0.00051),"SI (redondeo)","NO - revisar datos") -> SI (redondeo)
A35: 10 | B35: 324 | C35: 180.2485 | D35: 160.3144 | E35: 89.7515 | F35: -0.6739 | G35: 65.0162 | H35: -1.5362 | I35: -338.5332 | J35: =MAX(ABS(C15-C35),ABS(D15-D35),ABS(E15-E35),ABS(F15-F35),ABS(G15-G35),ABS(H15-H35),ABS(I15-I35)) -> 4.7664105e-05 | K35: =IF(AND(B35=B15,J35<=0.00051),"SI (redondeo)","NO - revisar datos") -> SI (redondeo)
A37: Las celdas lilas son valores importados (no formulas). Si cambias a, b, c, n o los θ2, la comparacion deja de aplicar hasta volver a correr la calculadora.

Sheet P2 f) Validacion
A1: INCISO f) - VALIDACION COMPUTACIONAL Y PORCENTAJE DE ERROR
A2: Analitico = formulas de este libro. Simulacion MATLAB (Newton-Raphson + derivacion numerica, 720 pasos) e Inventor (ensamble girado a cada posicion ±0.5°) = valores importados de Resultados_MATLAB/Resultados_Parcial2.xlsx (P2_2_Analisis_Validacion.m), corridos a 30 rpm.
A4: 1. VELOCIDAD DE LA CORRIDA DE MATLAB
A5: Velocidad del motor usada en la simulacion | D5: 30 | E5: rpm | F5: Aqui ω2 es fijo (30 rpm) para comparar contra la misma corrida; no depende de la hoja de Datos.
A6: ω2 de la simulacion | D6: =D5*2*PI()/60 -> 3.1415927 | E6: rad/s
A8: 2. TABLA DE PORCENTAJE DE ERROR POR POSICION (|valor − analitico| / |analitico| × 100)
A9: Pos | B9: θ2 (°) | C9: θ3 (%) | D9: d (%) | E9: ω3 (%) | F9: V_B (%) | G9: α3 (%) | H9: A_B (%) | I9: Max fila (%) | J9: ← simulacion MATLAB
A10: 1 | B10: =B39 -> 0 | C10: =F39 -> 0 | D10: =F53 -> 0 | E10: =F67 -> 0.0011714691 | F10: =F81 -> 0.00098881324 | G10: =F95 -> 0.0021114246 | H10: =F109 -> 0.0010117481 | I10: =MAX(C10:H10) -> 0.0021114246
A11: 2 | B11: =B40 -> 36 | C11: =F40 -> 0 | D11: =F54 -> 0 | E11: =F68 -> 0.0013859817 | F11: =F82 -> 0.0018596457 | G11: =F96 -> 0.00029010026 | H11: =F110 -> 0.00096742575 | I11: =MAX(C11:H11) -> 0.0018596457
A12: 3 | B12: =B41 -> 72 | C12: =F41 -> 0 | D12: =F55 -> 0 | E12: =F69 -> 0.0017161855 | F12: =F83 -> 0.0016209702 | G12: =F97 -> 0.00079618958 | H12: =F111 -> 0.0069307184 | I12: =MAX(C12:H12) -> 0.0069307184
A13: 4 | B13: =B42 -> 108 | C13: =F42 -> 0 | D13: =F56 -> 0 | E13: =F70 -> 0.0017161855 | F13: =F84 -> 0.00079976417 | G13: =F98 -> 0.00079618958 | H13: =F112 -> 0.0013366814 | I13: =MAX(C13:H13) -> 0.0017161855
A14: 5 | B14: =B43 -> 144 | C14: =F43 -> 0 | D14: =F57 -> 0 | E14: =F71 -> 0.0013859817 | F14: =F85 -> 0.00026633944 | G14: =F99 -> 0.00029010421 | H14: =F113 -> 0.0002921794 | I14: =MAX(C14:H14) -> 0.0013859817
A15: 6 | B15: =B44 -> 180 | C15: =F44 -> 0 | D15: =F58 -> 0 | E15: =F72 -> 0.0011714691 | F15: =F86 -> 0.00098881324 | G15: =F100 -> 0.0021114246 | H15: =F114 -> 2.7967281e-05 | I15: =MAX(C15:H15) -> 0.0021114246
A16: 7 | B16: =B45 -> 216 | C16: =F45 -> 0 | D16: =F59 -> 0 | E16: =F73 -> 0.0012133996 | F16: =F87 -> 0.0004485711 | G16: =F101 -> 0.00045835359 | H16: =F115 -> 0.00041184705 | I16: =MAX(C16:H16) -> 0.0012133996
A17: 8 | B17: =B46 -> 252 | C17: =F46 -> 0 | D17: =F60 -> 0 | E17: =F74 -> 0.0013579983 | F17: =F88 -> 0.00094256697 | G17: =F102 -> 0.00065182214 | H17: =F116 -> 0.0017083252 | I17: =MAX(C17:H17) -> 0.0017083252
A18: 9 | B18: =B47 -> 288 | C18: =F47 -> 0 | D18: =F61 -> 0 | E18: =F75 -> 0.0013579983 | F18: =F89 -> 0.0015751083 | G18: =F103 -> 0.00065181984 | H18: =F117 -> 0.0010739491 | I18: =MAX(C18:H18) -> 0.0015751083
A19: 10 | B19: =B48 -> 324 | C19: =F48 -> 0 | D19: =F62 -> 0 | E19: =F76 -> 0.0012133996 | F19: =F90 -> 0.0020801581 | G19: =F104 -> 0.00045835359 | H19: =F118 -> 0.00077964853 | I19: =MAX(C19:H19) -> 0.0020801581
A20: Error maximo, simulacion MATLAB (%): | I20: =MAX(I10:I19) -> 0.0069307184
A21: Pos | B21: θ2 (°) | C21: θ3 (%) | D21: d (%) | E21: ω3 (%) | F21: V_B (%) | G21: α3 (%) | H21: A_B (%) | I21: Max fila (%) | J21: ← ensamble de Inventor
A22: 1 | B22: =B39 -> 0 | C22: =G39 -> 0 | D22: =G53 -> 1.058437e-07 | E22: =G67 -> 0.0011714691 | F22: =G81 -> 0.00098887443 | G22: =G95 -> 0.0021114246 | H22: =G109 -> 0.0010117648 | I22: =MAX(C22:H22) -> 0.0021114246
A23: 2 | B23: =B40 -> 36 | C23: =G40 -> 0 | D23: =G54 -> 1.1575925e-07 | E23: =G68 -> 0.0013859817 | F23: =G82 -> 0.0018596653 | G23: =G96 -> 0.00029010026 | H23: =G110 -> 0.00096744005 | I23: =MAX(C23:H23) -> 0.0018596653
A24: 3 | B24: =B41 -> 72 | C24: =G41 -> 0 | D24: =G55 -> 1.3779465e-07 | E24: =G69 -> 0.0017161855 | F24: =G83 -> 0.0016209785 | G24: =G97 -> 0.00079618958 | H24: =G111 -> 0.0069310071 | I24: =MAX(C24:H24) -> 0.0069310071
A25: 4 | B25: =B42 -> 108 | C25: =G42 -> 0 | D25: =G56 -> 1.6490385e-07 | E25: =G70 -> 0.0017161854 | F25: =G84 -> 0.00079975318 | G25: =G98 -> 0.00079618744 | H25: =G112 -> 0.0013367105 | I25: =MAX(C25:H25) -> 0.0017161854
A26: 5 | B26: =B43 -> 144 | C26: =G43 -> 0 | D26: =G57 -> 1.8313818e-07 | E26: =G71 -> 0.0013859817 | F26: =G85 -> 0.00026639017 | G26: =G99 -> 0.00029008047 | H26: =G113 -> 0.00029219277 | I26: =MAX(C26:H26) -> 0.0013859817
A27: 6 | B27: =B44 -> 180 | C27: =G44 -> 0 | D27: =G58 -> 1.8344469e-07 | E27: =G72 -> 0.0011714691 | F27: =G86 -> 0.00098887474 | G27: =G100 -> 0.002111266 | H27: =G114 -> 2.7990799e-05 | I27: =MAX(C27:H27) -> 0.002111266
A28: 7 | B28: =B45 -> 216 | C28: =G45 -> 0 | D28: =G59 -> 1.680279e-07 | E28: =G73 -> 0.0012133996 | F28: =G87 -> 0.00044857082 | G28: =G101 -> 0.00045834235 | H28: =G115 -> 0.00041182449 | I28: =MAX(C28:H28) -> 0.0012133996
A29: 8 | B29: =B46 -> 252 | C29: =G46 -> 0 | D29: =G60 -> 1.4489913e-07 | E29: =G74 -> 0.0013579983 | F29: =G88 -> 0.00094256496 | G29: =G102 -> 0.00065182676 | H29: =G116 -> 0.0017083379 | I29: =MAX(C29:H29) -> 0.0017083379
A30: 9 | B30: =B47 -> 288 | C30: =G47 -> 0 | D30: =G61 -> 1.2284876e-07 | E30: =G75 -> 0.0013579983 | F30: =G89 -> 0.0015751102 | G30: =G103 -> 0.00065182214 | H30: =G117 -> 0.0010739178 | I30: =MAX(C30:H30) -> 0.0015751102
A31: 10 | B31: =B48 -> 324 | C31: =G48 -> 0 | D31: =G62 -> 1.0867182e-07 | E31: =G76 -> 0.0012133996 | F31: =G90 -> 0.0020801584 | G31: =G104 -> 0.00045833111 | H31: =G118 -> 0.0007796692 | I31: =MAX(C31:H31) -> 0.0020801584
A32: Error maximo, Inventor (%): | I32: =MAX(I22:I31) -> 0.0069310071
A33: =IF(MAX(I20,I32)<0.01,"VALIDADO: el error maximo es "&FIXED(MAX(I20,I32),4)&" % (< 0.01 %). Las diferencias vienen de la derivacion numerica con paso de 0.5°.","Revisar: error maximo "&FIXED(MAX(I20,I32),4)&" %") -> VALIDADO: el error maximo es 0.0069 % (< 0.01 %). Las diferencias vienen de la derivacion numerica con paso de 0.5°.
A35: 3. VALORES DETALLADOS POR VARIABLE (analitico vs simulacion MATLAB vs Inventor)
A37: θ3 (°)
A38: Pos | B38: θ2 (°) | C38: Analitico (Excel) | D38: Simulacion MATLAB | E38: Inventor | F38: Error MATLAB (%) | G38: Error Inventor (%) | H38: Dif. MATLAB | I38: Dif. Inventor
A39: 1 | B39: 0 | C39: =180-DEGREES(ASIN((P2_a*SIN(RADIANS($B39))-P2_c)/P2_b)) -> 171.28526 | D39: 171.28526 | E39: 171.28526 | F39: =IF(C39=0,0,100*ABS(D39-C39)/ABS(C39)) -> 0 | G39: =IF(C39=0,0,100*ABS(E39-C39)/ABS(C39)) -> 0 | H39: =D39-C39 -> 0 | I39: =E39-C39 -> 0
A40: 2 | B40: 36 | C40: =180-DEGREES(ASIN((P2_a*SIN(RADIANS($B40))-P2_c)/P2_b)) -> 162.09936 | D40: 162.09936 | E40: 162.09936 | F40: =IF(C40=0,0,100*ABS(D40-C40)/ABS(C40)) -> 0 | G40: =IF(C40=0,0,100*ABS(E40-C40)/ABS(C40)) -> 0 | H40: =D40-C40 -> 0 | I40: =E40-C40 -> 0
A41: 3 | B41: 72 | C41: =180-DEGREES(ASIN((P2_a*SIN(RADIANS($B41))-P2_c)/P2_b)) -> 156.19099 | D41: 156.19099 | E41: 156.19099 | F41: =IF(C41=0,0,100*ABS(D41-C41)/ABS(C41)) -> 0 | G41: =IF(C41=0,0,100*ABS(E41-C41)/ABS(C41)) -> 0 | H41: =D41-C41 -> 0 | I41: =E41-C41 -> 0
A42: 4 | B42: 108 | C42: =180-DEGREES(ASIN((P2_a*SIN(RADIANS($B42))-P2_c)/P2_b)) -> 156.19099 | D42: 156.19099 | E42: 156.19099 | F42: =IF(C42=0,0,100*ABS(D42-C42)/ABS(C42)) -> 0 | G42: =IF(C42=0,0,100*ABS(E42-C42)/ABS(C42)) -> 0 | H42: =D42-C42 -> 0 | I42: =E42-C42 -> 0
A43: 5 | B43: 144 | C43: =180-DEGREES(ASIN((P2_a*SIN(RADIANS($B43))-P2_c)/P2_b)) -> 162.09936 | D43: 162.09936 | E43: 162.09936 | F43: =IF(C43=0,0,100*ABS(D43-C43)/ABS(C43)) -> 0 | G43: =IF(C43=0,0,100*ABS(E43-C43)/ABS(C43)) -> 0 | H43: =D43-C43 -> 0 | I43: =E43-C43 -> 0
A44: 6 | B44: 180 | C44: =180-DEGREES(ASIN((P2_a*SIN(RADIANS($B44))-P2_c)/P2_b)) -> 171.28526 | D44: 171.28526 | E44: 171.28526 | F44: =IF(C44=0,0,100*ABS(D44-C44)/ABS(C44)) -> 0 | G44: =IF(C44=0,0,100*ABS(E44-C44)/ABS(C44)) -> 0 | H44: =D44-C44 -> 0 | I44: =E44-C44 -> 0
A45: 7 | B45: 216 | C45: =180-DEGREES(ASIN((P2_a*SIN(RADIANS($B45))-P2_c)/P2_b)) -> 180.24849 | D45: 180.24849 | E45: 180.24849 | F45: =IF(C45=0,0,100*ABS(D45-C45)/ABS(C45)) -> 0 | G45: =IF(C45=0,0,100*ABS(E45-C45)/ABS(C45)) -> 0 | H45: =D45-C45 -> 0 | I45: =E45-C45 -> 0
A46: 8 | B46: 252 | C46: =180-DEGREES(ASIN((P2_a*SIN(RADIANS($B46))-P2_c)/P2_b)) -> 185.77712 | D46: 185.77712 | E46: 185.77712 | F46: =IF(C46=0,0,100*ABS(D46-C46)/ABS(C46)) -> 0 | G46: =IF(C46=0,0,100*ABS(E46-C46)/ABS(C46)) -> 0 | H46: =D46-C46 -> 0 | I46: =E46-C46 -> 0
A47: 9 | B47: 288 | C47: =180-DEGREES(ASIN((P2_a*SIN(RADIANS($B47))-P2_c)/P2_b)) -> 185.77712 | D47: 185.77712 | E47: 185.77712 | F47: =IF(C47=0,0,100*ABS(D47-C47)/ABS(C47)) -> 0 | G47: =IF(C47=0,0,100*ABS(E47-C47)/ABS(C47)) -> 0 | H47: =D47-C47 -> 0 | I47: =E47-C47 -> 0
A48: 10 | B48: 324 | C48: =180-DEGREES(ASIN((P2_a*SIN(RADIANS($B48))-P2_c)/P2_b)) -> 180.24849 | D48: 180.24849 | E48: 180.24849 | F48: =IF(C48=0,0,100*ABS(D48-C48)/ABS(C48)) -> 0 | G48: =IF(C48=0,0,100*ABS(E48-C48)/ABS(C48)) -> 0 | H48: =D48-C48 -> 0 | I48: =E48-C48 -> 0
A51: d (mm)
A52: Pos | B52: θ2 (°) | C52: Analitico (Excel) | D52: Simulacion MATLAB | E52: Inventor | F52: Error MATLAB (%) | G52: Error Inventor (%) | H52: Dif. MATLAB | I52: Dif. Inventor
A53: 1 | B53: 0 | C53: =P2_a*COS(RADIANS($B53))-P2_b*COS(RADIANS((180-DEGREES(ASIN((P2_a*SIN(RADIANS($B53))-P2_c)/P2_b))))) -> 165.47605 | D53: 165.47605 | E53: 165.47605 | F53: =IF(C53=0,0,100*ABS(D53-C53)/ABS(C53)) -> 0 | G53: =IF(C53=0,0,100*ABS(E53-C53)/ABS(C53)) -> 1.058437e-07 | H53: =D53-C53 -> 0 | I53: =E53-C53 -> 1.7514597e-07
A54: 2 | B54: 36 | C54: =P2_a*COS(RADIANS($B54))-P2_b*COS(RADIANS((180-DEGREES(ASIN((P2_a*SIN(RADIANS($B54))-P2_c)/P2_b))))) -> 153.9256 | D54: 153.9256 | E54: 153.9256 | F54: =IF(C54=0,0,100*ABS(D54-C54)/ABS(C54)) -> 0 | G54: =IF(C54=0,0,100*ABS(E54-C54)/ABS(C54)) -> 1.1575925e-07 | H54: =D54-C54 -> 0 | I54: =E54-C54 -> 1.7818311e-07
A55: 3 | B55: 72 | C55: =P2_a*COS(RADIANS($B55))-P2_b*COS(RADIANS((180-DEGREES(ASIN((P2_a*SIN(RADIANS($B55))-P2_c)/P2_b))))) -> 131.58189 | D55: 131.58189 | E55: 131.58189 | F55: =IF(C55=0,0,100*ABS(D55-C55)/ABS(C55)) -> 0 | G55: =IF(C55=0,0,100*ABS(E55-C55)/ABS(C55)) -> 1.3779465e-07 | H55: =D55-C55 -> 0 | I55: =E55-C55 -> 1.813128e-07
A56: 4 | B56: 108 | C56: =P2_a*COS(RADIANS($B56))-P2_b*COS(RADIANS((180-DEGREES(ASIN((P2_a*SIN(RADIANS($B56))-P2_c)/P2_b))))) -> 109.9507 | D56: 109.9507 | E56: 109.9507 | F56: =IF(C56=0,0,100*ABS(D56-C56)/ABS(C56)) -> 0 | G56: =IF(C56=0,0,100*ABS(E56-C56)/ABS(C56)) -> 1.6490385e-07 | H56: =D56-C56 -> 0 | I56: =E56-C56 -> 1.8131294e-07
A57: 5 | B57: 144 | C57: =P2_a*COS(RADIANS($B57))-P2_b*COS(RADIANS((180-DEGREES(ASIN((P2_a*SIN(RADIANS($B57))-P2_c)/P2_b))))) -> 97.294411 | D57: 97.294411 | E57: 97.294411 | F57: =IF(C57=0,0,100*ABS(D57-C57)/ABS(C57)) -> 0 | G57: =IF(C57=0,0,100*ABS(E57-C57)/ABS(C57)) -> 1.8313818e-07 | H57: =D57-C57 -> 0 | I57: =E57-C57 -> 1.7818321e-07
A58: 6 | B58: 180 | C58: =P2_a*COS(RADIANS($B58))-P2_b*COS(RADIANS((180-DEGREES(ASIN((P2_a*SIN(RADIANS($B58))-P2_c)/P2_b))))) -> 95.476051 | D58: 95.476051 | E58: 95.476052 | F58: =IF(C58=0,0,100*ABS(D58-C58)/ABS(C58)) -> 0 | G58: =IF(C58=0,0,100*ABS(E58-C58)/ABS(C58)) -> 1.8344469e-07 | H58: =D58-C58 -> 0 | I58: =E58-C58 -> 1.7514574e-07
A59: 7 | B59: 216 | C59: =P2_a*COS(RADIANS($B59))-P2_b*COS(RADIANS((180-DEGREES(ASIN((P2_a*SIN(RADIANS($B59))-P2_c)/P2_b))))) -> 103.68316 | D59: 103.68316 | E59: 103.68316 | F59: =IF(C59=0,0,100*ABS(D59-C59)/ABS(C59)) -> 0 | G59: =IF(C59=0,0,100*ABS(E59-C59)/ABS(C59)) -> 1.680279e-07 | H59: =D59-C59 -> 0 | I59: =E59-C59 -> 1.7421664e-07
A60: 8 | B60: 252 | C60: =P2_a*COS(RADIANS($B60))-P2_b*COS(RADIANS((180-DEGREES(ASIN((P2_a*SIN(RADIANS($B60))-P2_c)/P2_b))))) -> 120.51398 | D60: 120.51398 | E60: 120.51398 | F60: =IF(C60=0,0,100*ABS(D60-C60)/ABS(C60)) -> 0 | G60: =IF(C60=0,0,100*ABS(E60-C60)/ABS(C60)) -> 1.4489913e-07 | H60: =D60-C60 -> 0 | I60: =E60-C60 -> 1.7462371e-07
A61: 9 | B61: 288 | C61: =P2_a*COS(RADIANS($B61))-P2_b*COS(RADIANS((180-DEGREES(ASIN((P2_a*SIN(RADIANS($B61))-P2_c)/P2_b))))) -> 142.14517 | D61: 142.14517 | E61: 142.14517 | F61: =IF(C61=0,0,100*ABS(D61-C61)/ABS(C61)) -> 0 | G61: =IF(C61=0,0,100*ABS(E61-C61)/ABS(C61)) -> 1.2284876e-07 | H61: =D61-C61 -> 0 | I61: =E61-C61 -> 1.7462358e-07
A62: 10 | B62: 324 | C62: =P2_a*COS(RADIANS($B62))-P2_b*COS(RADIANS((180-DEGREES(ASIN((P2_a*SIN(RADIANS($B62))-P2_c)/P2_b))))) -> 160.31435 | D62: 160.31435 | E62: 160.31435 | F62: =IF(C62=0,0,100*ABS(D62-C62)/ABS(C62)) -> 0 | G62: =IF(C62=0,0,100*ABS(E62-C62)/ABS(C62)) -> 1.0867182e-07 | H62: =D62-C62 -> 0 | I62: =E62-C62 -> 1.7421652e-07
A65: ω3 (rad/s)
A66: Pos | B66: θ2 (°) | C66: Analitico (Excel) | D66: Simulacion MATLAB | E66: Inventor | F66: Error MATLAB (%) | G66: Error Inventor (%) | H66: Dif. MATLAB | I66: Dif. Inventor
A67: 1 | B67: 0 | C67: =P2_a*P2_w2sim*COS(RADIANS($B67))/(P2_b*COS(RADIANS(180-DEGREES(ASIN((P2_a*SIN(RADIANS($B67))-P2_c)/P2_b))))) -> -0.84272739 | D67: -0.84271752 | E67: -0.84271752 | F67: =IF(C67=0,0,100*ABS(D67-C67)/ABS(C67)) -> 0.0011714691 | G67: =IF(C67=0,0,100*ABS(E67-C67)/ABS(C67)) -> 0.0011714691 | H67: =D67-C67 -> 9.8722911e-06 | I67: =E67-C67 -> 9.8722913e-06
A68: 2 | B68: 36 | C68: =P2_a*P2_w2sim*COS(RADIANS($B68))/(P2_b*COS(RADIANS(180-DEGREES(ASIN((P2_a*SIN(RADIANS($B68))-P2_c)/P2_b))))) -> -0.7081925 | D68: -0.70818269 | E68: -0.70818269 | F68: =IF(C68=0,0,100*ABS(D68-C68)/ABS(C68)) -> 0.0013859817 | G68: =IF(C68=0,0,100*ABS(E68-C68)/ABS(C68)) -> 0.0013859817 | H68: =D68-C68 -> 9.8154186e-06 | I68: =E68-C68 -> 9.8154188e-06
A69: 3 | B69: 72 | C69: =P2_a*P2_w2sim*COS(RADIANS($B69))/(P2_b*COS(RADIANS(180-DEGREES(ASIN((P2_a*SIN(RADIANS($B69))-P2_c)/P2_b))))) -> -0.28135494 | D69: -0.28135011 | E69: -0.28135011 | F69: =IF(C69=0,0,100*ABS(D69-C69)/ABS(C69)) -> 0.0017161855 | G69: =IF(C69=0,0,100*ABS(E69-C69)/ABS(C69)) -> 0.0017161855 | H69: =D69-C69 -> 4.8285725e-06 | I69: =E69-C69 -> 4.8285725e-06
A70: 4 | B70: 108 | C70: =P2_a*P2_w2sim*COS(RADIANS($B70))/(P2_b*COS(RADIANS(180-DEGREES(ASIN((P2_a*SIN(RADIANS($B70))-P2_c)/P2_b))))) -> 0.28135494 | D70: 0.28135011 | E70: 0.28135011 | F70: =IF(C70=0,0,100*ABS(D70-C70)/ABS(C70)) -> 0.0017161855 | G70: =IF(C70=0,0,100*ABS(E70-C70)/ABS(C70)) -> 0.0017161854 | H70: =D70-C70 -> -4.8285725e-06 | I70: =E70-C70 -> -4.8285725e-06
A71: 5 | B71: 144 | C71: =P2_a*P2_w2sim*COS(RADIANS($B71))/(P2_b*COS(RADIANS(180-DEGREES(ASIN((P2_a*SIN(RADIANS($B71))-P2_c)/P2_b))))) -> 0.7081925 | D71: 0.70818269 | E71: 0.70818269 | F71: =IF(C71=0,0,100*ABS(D71-C71)/ABS(C71)) -> 0.0013859817 | G71: =IF(C71=0,0,100*ABS(E71-C71)/ABS(C71)) -> 0.0013859817 | H71: =D71-C71 -> -9.8154187e-06 | I71: =E71-C71 -> -9.8154187e-06
A72: 6 | B72: 180 | C72: =P2_a*P2_w2sim*COS(RADIANS($B72))/(P2_b*COS(RADIANS(180-DEGREES(ASIN((P2_a*SIN(RADIANS($B72))-P2_c)/P2_b))))) -> 0.84272739 | D72: 0.84271752 | E72: 0.84271752 | F72: =IF(C72=0,0,100*ABS(D72-C72)/ABS(C72)) -> 0.0011714691 | G72: =IF(C72=0,0,100*ABS(E72-C72)/ABS(C72)) -> 0.0011714691 | H72: =D72-C72 -> -9.8722911e-06 | I72: =E72-C72 -> -9.8722913e-06
A73: 7 | B73: 216 | C73: =P2_a*P2_w2sim*COS(RADIANS($B73))/(P2_b*COS(RADIANS(180-DEGREES(ASIN((P2_a*SIN(RADIANS($B73))-P2_c)/P2_b))))) -> 0.67391592 | D73: 0.67390774 | E73: 0.67390774 | F73: =IF(C73=0,0,100*ABS(D73-C73)/ABS(C73)) -> 0.0012133996 | G73: =IF(C73=0,0,100*ABS(E73-C73)/ABS(C73)) -> 0.0012133996 | H73: =D73-C73 -> -8.1772928e-06 | I73: =E73-C73 -> -8.1772929e-06
A74: 8 | B74: 252 | C74: =P2_a*P2_w2sim*COS(RADIANS($B74))/(P2_b*COS(RADIANS(180-DEGREES(ASIN((P2_a*SIN(RADIANS($B74))-P2_c)/P2_b))))) -> 0.25872462 | D74: 0.25872111 | E74: 0.25872111 | F74: =IF(C74=0,0,100*ABS(D74-C74)/ABS(C74)) -> 0.0013579983 | G74: =IF(C74=0,0,100*ABS(E74-C74)/ABS(C74)) -> 0.0013579983 | H74: =D74-C74 -> -3.5134759e-06 | I74: =E74-C74 -> -3.5134759e-06
A75: 9 | B75: 288 | C75: =P2_a*P2_w2sim*COS(RADIANS($B75))/(P2_b*COS(RADIANS(180-DEGREES(ASIN((P2_a*SIN(RADIANS($B75))-P2_c)/P2_b))))) -> -0.25872462 | D75: -0.25872111 | E75: -0.25872111 | F75: =IF(C75=0,0,100*ABS(D75-C75)/ABS(C75)) -> 0.0013579983 | G75: =IF(C75=0,0,100*ABS(E75-C75)/ABS(C75)) -> 0.0013579983 | H75: =D75-C75 -> 3.513476e-06 | I75: =E75-C75 -> 3.5134759e-06
A76: 10 | B76: 324 | C76: =P2_a*P2_w2sim*COS(RADIANS($B76))/(P2_b*COS(RADIANS(180-DEGREES(ASIN((P2_a*SIN(RADIANS($B76))-P2_c)/P2_b))))) -> -0.67391592 | D76: -0.67390774 | E76: -0.67390774 | F76: =IF(C76=0,0,100*ABS(D76-C76)/ABS(C76)) -> 0.0012133996 | G76: =IF(C76=0,0,100*ABS(E76-C76)/ABS(C76)) -> 0.0012133996 | H76: =D76-C76 -> 8.1772928e-06 | I76: =E76-C76 -> 8.1772929e-06
A79: V_B (mm/s)
A80: Pos | B80: θ2 (°) | C80: Analitico (Excel) | D80: Simulacion MATLAB | E80: Inventor | F80: Error MATLAB (%) | G80: Error Inventor (%) | H80: Dif. MATLAB | I80: Dif. Inventor
A81: 1 | B81: 0 | C81: =-P2_a*P2_w2sim*SIN(RADIANS($B81))+P2_b*(P2_a*P2_w2sim*COS(RADIANS($B81))/(P2_b*COS(RADIANS(180-DEGREES(ASIN((P2_a*SIN(RADIANS($B81))-P2_c)/P2_b))))))*SIN(RADIANS((180-DEGREES(ASIN((P2_a*SIN(RADIANS($B81))-P2_c)/P2_b))))) -> -16.854548 | D81: -16.854381 | E81: -16.854381 | F81: =IF(C81=0,0,100*ABS(D81-C81)/ABS(C81)) -> 0.00098881324 | G81: =IF(C81=0,0,100*ABS(E81-C81)/ABS(C81)) -> 0.00098887443 | H81: =D81-C81 -> 0.00016666 | I81: =E81-C81 -> 0.00016667032
A82: 2 | B82: 36 | C82: =-P2_a*P2_w2sim*SIN(RADIANS($B82))+P2_b*(P2_a*P2_w2sim*COS(RADIANS($B82))/(P2_b*COS(RADIANS(180-DEGREES(ASIN((P2_a*SIN(RADIANS($B82))-P2_c)/P2_b))))))*SIN(RADIANS((180-DEGREES(ASIN((P2_a*SIN(RADIANS($B82))-P2_c)/P2_b))))) -> -93.363493 | D82: -93.361757 | E82: -93.361757 | F82: =IF(C82=0,0,100*ABS(D82-C82)/ABS(C82)) -> 0.0018596457 | G82: =IF(C82=0,0,100*ABS(E82-C82)/ABS(C82)) -> 0.0018596653 | H82: =D82-C82 -> 0.0017362301 | I82: =E82-C82 -> 0.0017362484
A83: 3 | B83: 72 | C83: =-P2_a*P2_w2sim*SIN(RADIANS($B83))+P2_b*(P2_a*P2_w2sim*COS(RADIANS($B83))/(P2_b*COS(RADIANS(180-DEGREES(ASIN((P2_a*SIN(RADIANS($B83))-P2_c)/P2_b))))))*SIN(RADIANS((180-DEGREES(ASIN((P2_a*SIN(RADIANS($B83))-P2_c)/P2_b))))) -> -119.56668 | D83: -119.56474 | E83: -119.56474 | F83: =IF(C83=0,0,100*ABS(D83-C83)/ABS(C83)) -> 0.0016209702 | G83: =IF(C83=0,0,100*ABS(E83-C83)/ABS(C83)) -> 0.0016209785 | H83: =D83-C83 -> 0.0019381403 | I83: =E83-C83 -> 0.0019381502
A84: 4 | B84: 108 | C84: =-P2_a*P2_w2sim*SIN(RADIANS($B84))+P2_b*(P2_a*P2_w2sim*COS(RADIANS($B84))/(P2_b*COS(RADIANS(180-DEGREES(ASIN((P2_a*SIN(RADIANS($B84))-P2_c)/P2_b))))))*SIN(RADIANS((180-DEGREES(ASIN((P2_a*SIN(RADIANS($B84))-P2_c)/P2_b))))) -> -89.581571 | D84: -89.580855 | E84: -89.580855 | F84: =IF(C84=0,0,100*ABS(D84-C84)/ABS(C84)) -> 0.00079976417 | G84: =IF(C84=0,0,100*ABS(E84-C84)/ABS(C84)) -> 0.00079975318 | H84: =D84-C84 -> 0.00071644131 | I84: =E84-C84 -> 0.00071643147
A85: 5 | B85: 144 | C85: =-P2_a*P2_w2sim*SIN(RADIANS($B85))+P2_b*(P2_a*P2_w2sim*COS(RADIANS($B85))/(P2_b*COS(RADIANS(180-DEGREES(ASIN((P2_a*SIN(RADIANS($B85))-P2_c)/P2_b))))))*SIN(RADIANS((180-DEGREES(ASIN((P2_a*SIN(RADIANS($B85))-P2_c)/P2_b))))) -> -35.897235 | D85: -35.897331 | E85: -35.897331 | F85: =IF(C85=0,0,100*ABS(D85-C85)/ABS(C85)) -> 0.00026633944 | G85: =IF(C85=0,0,100*ABS(E85-C85)/ABS(C85)) -> 0.00026639017 | H85: =D85-C85 -> -9.5608495e-05 | I85: =E85-C85 -> -9.5626707e-05
A86: 6 | B86: 180 | C86: =-P2_a*P2_w2sim*SIN(RADIANS($B86))+P2_b*(P2_a*P2_w2sim*COS(RADIANS($B86))/(P2_b*COS(RADIANS(180-DEGREES(ASIN((P2_a*SIN(RADIANS($B86))-P2_c)/P2_b))))))*SIN(RADIANS((180-DEGREES(ASIN((P2_a*SIN(RADIANS($B86))-P2_c)/P2_b))))) -> 16.854548 | D86: 16.854381 | E86: 16.854381 | F86: =IF(C86=0,0,100*ABS(D86-C86)/ABS(C86)) -> 0.00098881324 | G86: =IF(C86=0,0,100*ABS(E86-C86)/ABS(C86)) -> 0.00098887474 | H86: =D86-C86 -> -0.00016666 | I86: =E86-C86 -> -0.00016667037
A87: 7 | B87: 216 | C87: =-P2_a*P2_w2sim*SIN(RADIANS($B87))+P2_b*(P2_a*P2_w2sim*COS(RADIANS($B87))/(P2_b*COS(RADIANS(180-DEGREES(ASIN((P2_a*SIN(RADIANS($B87))-P2_c)/P2_b))))))*SIN(RADIANS((180-DEGREES(ASIN((P2_a*SIN(RADIANS($B87))-P2_c)/P2_b))))) -> 64.244558 | D87: 64.24427 | E87: 64.24427 | F87: =IF(C87=0,0,100*ABS(D87-C87)/ABS(C87)) -> 0.0004485711 | G87: =IF(C87=0,0,100*ABS(E87-C87)/ABS(C87)) -> 0.00044857082 | H87: =D87-C87 -> -0.00028818252 | I87: =E87-C87 -> -0.00028818234
A88: 8 | B88: 252 | C88: =-P2_a*P2_w2sim*SIN(RADIANS($B88))+P2_b*(P2_a*P2_w2sim*COS(RADIANS($B88))/(P2_b*COS(RADIANS(180-DEGREES(ASIN((P2_a*SIN(RADIANS($B88))-P2_c)/P2_b))))))*SIN(RADIANS((180-DEGREES(ASIN((P2_a*SIN(RADIANS($B88))-P2_c)/P2_b))))) -> 101.13646 | D88: 101.1355 | E88: 101.1355 | F88: =IF(C88=0,0,100*ABS(D88-C88)/ABS(C88)) -> 0.00094256697 | G88: =IF(C88=0,0,100*ABS(E88-C88)/ABS(C88)) -> 0.00094256496 | H88: =D88-C88 -> -0.00095327885 | I88: =E88-C88 -> -0.00095327681
A89: 9 | B89: 288 | C89: =-P2_a*P2_w2sim*SIN(RADIANS($B89))+P2_b*(P2_a*P2_w2sim*COS(RADIANS($B89))/(P2_b*COS(RADIANS(180-DEGREES(ASIN((P2_a*SIN(RADIANS($B89))-P2_c)/P2_b))))))*SIN(RADIANS((180-DEGREES(ASIN((P2_a*SIN(RADIANS($B89))-P2_c)/P2_b))))) -> 108.01179 | D89: 108.01009 | E89: 108.01009 | F89: =IF(C89=0,0,100*ABS(D89-C89)/ABS(C89)) -> 0.0015751083 | G89: =IF(C89=0,0,100*ABS(E89-C89)/ABS(C89)) -> 0.0015751102 | H89: =D89-C89 -> -0.0017013027 | I89: =E89-C89 -> -0.0017013048
A90: 10 | B90: 324 | C90: =-P2_a*P2_w2sim*SIN(RADIANS($B90))+P2_b*(P2_a*P2_w2sim*COS(RADIANS($B90))/(P2_b*COS(RADIANS(180-DEGREES(ASIN((P2_a*SIN(RADIANS($B90))-P2_c)/P2_b))))))*SIN(RADIANS((180-DEGREES(ASIN((P2_a*SIN(RADIANS($B90))-P2_c)/P2_b))))) -> 65.01617 | D90: 65.014818 | E90: 65.014818 | F90: =IF(C90=0,0,100*ABS(D90-C90)/ABS(C90)) -> 0.0020801581 | G90: =IF(C90=0,0,100*ABS(E90-C90)/ABS(C90)) -> 0.0020801584 | H90: =D90-C90 -> -0.0013524391 | I90: =E90-C90 -> -0.0013524393
A93: α3 (rad/s²)
A94: Pos | B94: θ2 (°) | C94: Analitico (Excel) | D94: Simulacion MATLAB | E94: Inventor | F94: Error MATLAB (%) | G94: Error Inventor (%) | H94: Dif. MATLAB | I94: Dif. Inventor
A95: 1 | B95: 0 | C95: =(P2_a*0*COS(RADIANS($B95))-P2_a*P2_w2sim^2*SIN(RADIANS($B95))+P2_b*(P2_a*P2_w2sim*COS(RADIANS($B95))/(P2_b*COS(RADIANS(180-DEGREES(ASIN((P2_a*SIN(RADIANS($B95))-P2_c)/P2_b))))))^2*SIN(RADIANS(180-DEGREES(ASIN((P2_a*SIN(RADIANS($B95))-P2_c)/P2_b)))))/(P2_b*COS(RADIANS(180-DEGREES(ASIN((P2_a*SIN(RADIANS($B95))-P2_c)/P2_b))))) -> -0.10886127 | D95: -0.10885898 | E95: -0.10885898 | F95: =IF(C95=0,0,100*ABS(D95-C95)/ABS(C95)) -> 0.0021114246 | G95: =IF(C95=0,0,100*ABS(E95-C95)/ABS(C95)) -> 0.0021114246 | H95: =D95-C95 -> 2.2985237e-06 | I95: =E95-C95 -> 2.2985237e-06
A96: 2 | B96: 36 | C96: =(P2_a*0*COS(RADIANS($B96))-P2_a*P2_w2sim^2*SIN(RADIANS($B96))+P2_b*(P2_a*P2_w2sim*COS(RADIANS($B96))/(P2_b*COS(RADIANS(180-DEGREES(ASIN((P2_a*SIN(RADIANS($B96))-P2_c)/P2_b))))))^2*SIN(RADIANS(180-DEGREES(ASIN((P2_a*SIN(RADIANS($B96))-P2_c)/P2_b)))))/(P2_b*COS(RADIANS(180-DEGREES(ASIN((P2_a*SIN(RADIANS($B96))-P2_c)/P2_b))))) -> 1.4544517 | D96: 1.4544475 | E96: 1.4544475 | F96: =IF(C96=0,0,100*ABS(D96-C96)/ABS(C96)) -> 0.00029010026 | G96: =IF(C96=0,0,100*ABS(E96-C96)/ABS(C96)) -> 0.00029010026 | H96: =D96-C96 -> -4.2193682e-06 | I96: =E96-C96 -> -4.2193682e-06
A97: 3 | B97: 72 | C97: =(P2_a*0*COS(RADIANS($B97))-P2_a*P2_w2sim^2*SIN(RADIANS($B97))+P2_b*(P2_a*P2_w2sim*COS(RADIANS($B97))/(P2_b*COS(RADIANS(180-DEGREES(ASIN((P2_a*SIN(RADIANS($B97))-P2_c)/P2_b))))))^2*SIN(RADIANS(180-DEGREES(ASIN((P2_a*SIN(RADIANS($B97))-P2_c)/P2_b)))))/(P2_b*COS(RADIANS(180-DEGREES(ASIN((P2_a*SIN(RADIANS($B97))-P2_c)/P2_b))))) -> 2.6854436 | D97: 2.6854222 | E97: 2.6854222 | F97: =IF(C97=0,0,100*ABS(D97-C97)/ABS(C97)) -> 0.00079618958 | G97: =IF(C97=0,0,100*ABS(E97-C97)/ABS(C97)) -> 0.00079618958 | H97: =D97-C97 -> -2.1381222e-05 | I97: =E97-C97 -> -2.1381222e-05
A98: 4 | B98: 108 | C98: =(P2_a*0*COS(RADIANS($B98))-P2_a*P2_w2sim^2*SIN(RADIANS($B98))+P2_b*(P2_a*P2_w2sim*COS(RADIANS($B98))/(P2_b*COS(RADIANS(180-DEGREES(ASIN((P2_a*SIN(RADIANS($B98))-P2_c)/P2_b))))))^2*SIN(RADIANS(180-DEGREES(ASIN((P2_a*SIN(RADIANS($B98))-P2_c)/P2_b)))))/(P2_b*COS(RADIANS(180-DEGREES(ASIN((P2_a*SIN(RADIANS($B98))-P2_c)/P2_b))))) -> 2.6854436 | D98: 2.6854222 | E98: 2.6854222 | F98: =IF(C98=0,0,100*ABS(D98-C98)/ABS(C98)) -> 0.00079618958 | G98: =IF(C98=0,0,100*ABS(E98-C98)/ABS(C98)) -> 0.00079618744 | H98: =D98-C98 -> -2.1381222e-05 | I98: =E98-C98 -> -2.1381165e-05
A99: 5 | B99: 144 | C99: =(P2_a*0*COS(RADIANS($B99))-P2_a*P2_w2sim^2*SIN(RADIANS($B99))+P2_b*(P2_a*P2_w2sim*COS(RADIANS($B99))/(P2_b*COS(RADIANS(180-DEGREES(ASIN((P2_a*SIN(RADIANS($B99))-P2_c)/P2_b))))))^2*SIN(RADIANS(180-DEGREES(ASIN((P2_a*SIN(RADIANS($B99))-P2_c)/P2_b)))))/(P2_b*COS(RADIANS(180-DEGREES(ASIN((P2_a*SIN(RADIANS($B99))-P2_c)/P2_b))))) -> 1.4544517 | D99: 1.4544475 | E99: 1.4544475 | F99: =IF(C99=0,0,100*ABS(D99-C99)/ABS(C99)) -> 0.00029010421 | G99: =IF(C99=0,0,100*ABS(E99-C99)/ABS(C99)) -> 0.00029008047 | H99: =D99-C99 -> -4.2194258e-06 | I99: =E99-C99 -> -4.2190804e-06
A100: 6 | B100: 180 | C100: =(P2_a*0*COS(RADIANS($B100))-P2_a*P2_w2sim^2*SIN(RADIANS($B100))+P2_b*(P2_a*P2_w2sim*COS(RADIANS($B100))/(P2_b*COS(RADIANS(180-DEGREES(ASIN((P2_a*SIN(RADIANS($B100))-P2_c)/P2_b))))))^2*SIN(RADIANS(180-DEGREES(ASIN((P2_a*SIN(RADIANS($B100))-P2_c)/P2_b)))))/(P2_b*COS(RADIANS(180-DEGREES(ASIN((P2_a*SIN(RADIANS($B100))-P2_c)/P2_b))))) -> -0.10886127 | D100: -0.10885898 | E100: -0.10885898 | F100: =IF(C100=0,0,100*ABS(D100-C100)/ABS(C100)) -> 0.0021114246 | G100: =IF(C100=0,0,100*ABS(E100-C100)/ABS(C100)) -> 0.002111266 | H100: =D100-C100 -> 2.2985237e-06 | I100: =E100-C100 -> 2.2983511e-06
A101: 7 | B101: 216 | C101: =(P2_a*0*COS(RADIANS($B101))-P2_a*P2_w2sim^2*SIN(RADIANS($B101))+P2_b*(P2_a*P2_w2sim*COS(RADIANS($B101))/(P2_b*COS(RADIANS(180-DEGREES(ASIN((P2_a*SIN(RADIANS($B101))-P2_c)/P2_b))))))^2*SIN(RADIANS(180-DEGREES(ASIN((P2_a*SIN(RADIANS($B101))-P2_c)/P2_b)))))/(P2_b*COS(RADIANS(180-DEGREES(ASIN((P2_a*SIN(RADIANS($B101))-P2_c)/P2_b))))) -> -1.5362438 | D101: -1.5362368 | E101: -1.5362368 | F101: =IF(C101=0,0,100*ABS(D101-C101)/ABS(C101)) -> 0.00045835359 | G101: =IF(C101=0,0,100*ABS(E101-C101)/ABS(C101)) -> 0.00045834235 | H101: =D101-C101 -> 7.0414286e-06 | I101: =E101-C101 -> 7.0412559e-06
A102: 8 | B102: 252 | C102: =(P2_a*0*COS(RADIANS($B102))-P2_a*P2_w2sim^2*SIN(RADIANS($B102))+P2_b*(P2_a*P2_w2sim*COS(RADIANS($B102))/(P2_b*COS(RADIANS(180-DEGREES(ASIN((P2_a*SIN(RADIANS($B102))-P2_c)/P2_b))))))^2*SIN(RADIANS(180-DEGREES(ASIN((P2_a*SIN(RADIANS($B102))-P2_c)/P2_b)))))/(P2_b*COS(RADIANS(180-DEGREES(ASIN((P2_a*SIN(RADIANS($B102))-P2_c)/P2_b))))) -> -2.4947915 | D102: -2.4947752 | E102: -2.4947752 | F102: =IF(C102=0,0,100*ABS(D102-C102)/ABS(C102)) -> 0.00065182214 | G102: =IF(C102=0,0,100*ABS(E102-C102)/ABS(C102)) -> 0.00065182676 | H102: =D102-C102 -> 1.6261603e-05 | I102: =E102-C102 -> 1.6261718e-05
A103: 9 | B103: 288 | C103: =(P2_a*0*COS(RADIANS($B103))-P2_a*P2_w2sim^2*SIN(RADIANS($B103))+P2_b*(P2_a*P2_w2sim*COS(RADIANS($B103))/(P2_b*COS(RADIANS(180-DEGREES(ASIN((P2_a*SIN(RADIANS($B103))-P2_c)/P2_b))))))^2*SIN(RADIANS(180-DEGREES(ASIN((P2_a*SIN(RADIANS($B103))-P2_c)/P2_b)))))/(P2_b*COS(RADIANS(180-DEGREES(ASIN((P2_a*SIN(RADIANS($B103))-P2_c)/P2_b))))) -> -2.4947915 | D103: -2.4947752 | E103: -2.4947752 | F103: =IF(C103=0,0,100*ABS(D103-C103)/ABS(C103)) -> 0.00065181984 | G103: =IF(C103=0,0,100*ABS(E103-C103)/ABS(C103)) -> 0.00065182214 | H103: =D103-C103 -> 1.6261546e-05 | I103: =E103-C103 -> 1.6261603e-05
A104: 10 | B104: 324 | C104: =(P2_a*0*COS(RADIANS($B104))-P2_a*P2_w2sim^2*SIN(RADIANS($B104))+P2_b*(P2_a*P2_w2sim*COS(RADIANS($B104))/(P2_b*COS(RADIANS(180-DEGREES(ASIN((P2_a*SIN(RADIANS($B104))-P2_c)/P2_b))))))^2*SIN(RADIANS(180-DEGREES(ASIN((P2_a*SIN(RADIANS($B104))-P2_c)/P2_b)))))/(P2_b*COS(RADIANS(180-DEGREES(ASIN((P2_a*SIN(RADIANS($B104))-P2_c)/P2_b))))) -> -1.5362438 | D104: -1.5362368 | E104: -1.5362368 | F104: =IF(C104=0,0,100*ABS(D104-C104)/ABS(C104)) -> 0.00045835359 | G104: =IF(C104=0,0,100*ABS(E104-C104)/ABS(C104)) -> 0.00045833111 | H104: =D104-C104 -> 7.0414286e-06 | I104: =E104-C104 -> 7.0410833e-06
A107: A_B (mm/s²)
A108: Pos | B108: θ2 (°) | C108: Analitico (Excel) | D108: Simulacion MATLAB | E108: Inventor | F108: Error MATLAB (%) | G108: Error Inventor (%) | H108: Dif. MATLAB | I108: Dif. Inventor
A109: 1 | B109: 0 | C109: =-P2_a*0*SIN(RADIANS($B109))-P2_a*P2_w2sim^2*COS(RADIANS($B109))+P2_b*((P2_a*0*COS(RADIANS($B109))-P2_a*P2_w2sim^2*SIN(RADIANS($B109))+P2_b*(P2_a*P2_w2sim*COS(RADIANS($B109))/(P2_b*COS(RADIANS(180-DEGREES(ASIN((P2_a*SIN(RADIANS($B109))-P2_c)/P2_b))))))^2*SIN(RADIANS(180-DEGREES(ASIN((P2_a*SIN(RADIANS($B109))-P2_c)/P2_b)))))/(P2_b*COS(RADIANS(180-DEGREES(ASIN((P2_a*SIN(RADIANS($B109))-P2_c)/P2_b))))))*SIN(RADIANS((180-DEGREES(ASIN((P2_a*SIN(RADIANS($B109))-P2_c)/P2_b)))))+P2_b*(P2_a*P2_w2sim*COS(RADIANS($B109))/(P2_b*COS(RADIANS(180-DEGREES(ASIN((P2_a*SIN(RADIANS($B109))-P2_c)/P2_b))))))^2*COS(RADIANS((180-DEGREES(ASIN((P2_a*SIN(RADIANS($B109))-P2_c)/P2_b))))) -> -440.2761 | D109: -440.27164 | E109: -440.27164 | F109: =IF(C109=0,0,100*ABS(D109-C109)/ABS(C109)) -> 0.0010117481 | G109: =IF(C109=0,0,100*ABS(E109-C109)/ABS(C109)) -> 0.0010117648 | H109: =D109-C109 -> 0.004454485 | I109: =E109-C109 -> 0.0044545587
A110: 2 | B110: 36 | C110: =-P2_a*0*SIN(RADIANS($B110))-P2_a*P2_w2sim^2*COS(RADIANS($B110))+P2_b*((P2_a*0*COS(RADIANS($B110))-P2_a*P2_w2sim^2*SIN(RADIANS($B110))+P2_b*(P2_a*P2_w2sim*COS(RADIANS($B110))/(P2_b*COS(RADIANS(180-DEGREES(ASIN((P2_a*SIN(RADIANS($B110))-P2_c)/P2_b))))))^2*SIN(RADIANS(180-DEGREES(ASIN((P2_a*SIN(RADIANS($B110))-P2_c)/P2_b)))))/(P2_b*COS(RADIANS(180-DEGREES(ASIN((P2_a*SIN(RADIANS($B110))-P2_c)/P2_b))))))*SIN(RADIANS((180-DEGREES(ASIN((P2_a*SIN(RADIANS($B110))-P2_c)/P2_b)))))+P2_b*(P2_a*P2_w2sim*COS(RADIANS($B110))/(P2_b*COS(RADIANS(180-DEGREES(ASIN((P2_a*SIN(RADIANS($B110))-P2_c)/P2_b))))))^2*COS(RADIANS((180-DEGREES(ASIN((P2_a*SIN(RADIANS($B110))-P2_c)/P2_b))))) -> -283.45102 | D110: -283.44828 | E110: -283.44828 | F110: =IF(C110=0,0,100*ABS(D110-C110)/ABS(C110)) -> 0.00096742575 | G110: =IF(C110=0,0,100*ABS(E110-C110)/ABS(C110)) -> 0.00096744005 | H110: =D110-C110 -> 0.0027421781 | I110: =E110-C110 -> 0.0027422187
A111: 3 | B111: 72 | C111: =-P2_a*0*SIN(RADIANS($B111))-P2_a*P2_w2sim^2*COS(RADIANS($B111))+P2_b*((P2_a*0*COS(RADIANS($B111))-P2_a*P2_w2sim^2*SIN(RADIANS($B111))+P2_b*(P2_a*P2_w2sim*COS(RADIANS($B111))/(P2_b*COS(RADIANS(180-DEGREES(ASIN((P2_a*SIN(RADIANS($B111))-P2_c)/P2_b))))))^2*SIN(RADIANS(180-DEGREES(ASIN((P2_a*SIN(RADIANS($B111))-P2_c)/P2_b)))))/(P2_b*COS(RADIANS(180-DEGREES(ASIN((P2_a*SIN(RADIANS($B111))-P2_c)/P2_b))))))*SIN(RADIANS((180-DEGREES(ASIN((P2_a*SIN(RADIANS($B111))-P2_c)/P2_b)))))+P2_b*(P2_a*P2_w2sim*COS(RADIANS($B111))/(P2_b*COS(RADIANS(180-DEGREES(ASIN((P2_a*SIN(RADIANS($B111))-P2_c)/P2_b))))))^2*COS(RADIANS((180-DEGREES(ASIN((P2_a*SIN(RADIANS($B111))-P2_c)/P2_b))))) -> 26.793601 | D111: 26.791744 | E111: 26.791744 | F111: =IF(C111=0,0,100*ABS(D111-C111)/ABS(C111)) -> 0.0069307184 | G111: =IF(C111=0,0,100*ABS(E111-C111)/ABS(C111)) -> 0.0069310071 | H111: =D111-C111 -> -0.001856989 | I111: =E111-C111 -> -0.0018570664
A112: 4 | B112: 108 | C112: =-P2_a*0*SIN(RADIANS($B112))-P2_a*P2_w2sim^2*COS(RADIANS($B112))+P2_b*((P2_a*0*COS(RADIANS($B112))-P2_a*P2_w2sim^2*SIN(RADIANS($B112))+P2_b*(P2_a*P2_w2sim*COS(RADIANS($B112))/(P2_b*COS(RADIANS(180-DEGREES(ASIN((P2_a*SIN(RADIANS($B112))-P2_c)/P2_b))))))^2*SIN(RADIANS(180-DEGREES(ASIN((P2_a*SIN(RADIANS($B112))-P2_c)/P2_b)))))/(P2_b*COS(RADIANS(180-DEGREES(ASIN((P2_a*SIN(RADIANS($B112))-P2_c)/P2_b))))))*SIN(RADIANS((180-DEGREES(ASIN((P2_a*SIN(RADIANS($B112))-P2_c)/P2_b)))))+P2_b*(P2_a*P2_w2sim*COS(RADIANS($B112))/(P2_b*COS(RADIANS(180-DEGREES(ASIN((P2_a*SIN(RADIANS($B112))-P2_c)/P2_b))))))^2*COS(RADIANS((180-DEGREES(ASIN((P2_a*SIN(RADIANS($B112))-P2_c)/P2_b))))) -> 240.28489 | D112: 240.28167 | E112: 240.28167 | F112: =IF(C112=0,0,100*ABS(D112-C112)/ABS(C112)) -> 0.0013366814 | G112: =IF(C112=0,0,100*ABS(E112-C112)/ABS(C112)) -> 0.0013367105 | H112: =D112-C112 -> -0.0032118433 | I112: =E112-C112 -> -0.0032119132
A113: 5 | B113: 144 | C113: =-P2_a*0*SIN(RADIANS($B113))-P2_a*P2_w2sim^2*COS(RADIANS($B113))+P2_b*((P2_a*0*COS(RADIANS($B113))-P2_a*P2_w2sim^2*SIN(RADIANS($B113))+P2_b*(P2_a*P2_w2sim*COS(RADIANS($B113))/(P2_b*COS(RADIANS(180-DEGREES(ASIN((P2_a*SIN(RADIANS($B113))-P2_c)/P2_b))))))^2*SIN(RADIANS(180-DEGREES(ASIN((P2_a*SIN(RADIANS($B113))-P2_c)/P2_b)))))/(P2_b*COS(RADIANS(180-DEGREES(ASIN((P2_a*SIN(RADIANS($B113))-P2_c)/P2_b))))))*SIN(RADIANS((180-DEGREES(ASIN((P2_a*SIN(RADIANS($B113))-P2_c)/P2_b)))))+P2_b*(P2_a*P2_w2sim*COS(RADIANS($B113))/(P2_b*COS(RADIANS(180-DEGREES(ASIN((P2_a*SIN(RADIANS($B113))-P2_c)/P2_b))))))^2*COS(RADIANS((180-DEGREES(ASIN((P2_a*SIN(RADIANS($B113))-P2_c)/P2_b))))) -> 275.47642 | D113: 275.47562 | E113: 275.47562 | F113: =IF(C113=0,0,100*ABS(D113-C113)/ABS(C113)) -> 0.0002921794 | G113: =IF(C113=0,0,100*ABS(E113-C113)/ABS(C113)) -> 0.00029219277 | H113: =D113-C113 -> -0.00080488534 | I113: =E113-C113 -> -0.00080492218
A114: 6 | B114: 180 | C114: =-P2_a*0*SIN(RADIANS($B114))-P2_a*P2_w2sim^2*COS(RADIANS($B114))+P2_b*((P2_a*0*COS(RADIANS($B114))-P2_a*P2_w2sim^2*SIN(RADIANS($B114))+P2_b*(P2_a*P2_w2sim*COS(RADIANS($B114))/(P2_b*COS(RADIANS(180-DEGREES(ASIN((P2_a*SIN(RADIANS($B114))-P2_c)/P2_b))))))^2*SIN(RADIANS(180-DEGREES(ASIN((P2_a*SIN(RADIANS($B114))-P2_c)/P2_b)))))/(P2_b*COS(RADIANS(180-DEGREES(ASIN((P2_a*SIN(RADIANS($B114))-P2_c)/P2_b))))))*SIN(RADIANS((180-DEGREES(ASIN((P2_a*SIN(RADIANS($B114))-P2_c)/P2_b)))))+P2_b*(P2_a*P2_w2sim*COS(RADIANS($B114))/(P2_b*COS(RADIANS(180-DEGREES(ASIN((P2_a*SIN(RADIANS($B114))-P2_c)/P2_b))))))^2*COS(RADIANS((180-DEGREES(ASIN((P2_a*SIN(RADIANS($B114))-P2_c)/P2_b))))) -> 250.59621 | D114: 250.59628 | E114: 250.59628 | F114: =IF(C114=0,0,100*ABS(D114-C114)/ABS(C114)) -> 2.7967281e-05 | G114: =IF(C114=0,0,100*ABS(E114-C114)/ABS(C114)) -> 2.7990799e-05 | H114: =D114-C114 -> 7.0084947e-05 | I114: =E114-C114 -> 7.0143882e-05
...

Sheet P2 Graficas
A1: GRAFICAS EN FUNCION DEL ANGULO DE ENTRADA θ2
A2: Curva = formulas de la hoja "P2 Curva" (vuelta completa). Puntos = las 10 posiciones del inciso e) y la simulacion de MATLAB del inciso f).
A58: Nota: los puntos de MATLAB son de la corrida a 30 rpm. Si cambias la velocidad en la hoja de Datos, la curva cambia y los puntos de MATLAB no (vuelve a correr P2_2_Analisis_Validacion.m).

Sheet P2 Curva
A1: VUELTA COMPLETA DE LA MANIVELA (cada 0.5°) - datos de las graficas
A2: Formulas vivas con los datos de "P2 a) Datos y Sintesis". Las columnas K a M ubican los 10 puntos del inciso e) y los de la simulacion para las graficas.
A5: θ2 (°) | B5: θ3 (°) | C5: d (mm) | D5: μ (°) | E5: ω3 (rad/s) | F5: V_B (mm/s) | G5: α3 (rad/s²) | H5: A_B (mm/s²) | I5: μ recomendado (°)
A6: 0 | B6: =180-DEGREES(ASIN((P2_a*SIN(RADIANS($A6))-P2_c)/P2_b)) -> 171.28526 | C6: =P2_a*COS(RADIANS($A6))-P2_b*COS(RADIANS(B6)) -> 165.47605 | D6: =90-DEGREES(ASIN(ABS((P2_a*SIN(RADIANS($A6))-P2_c)/P2_b))) -> 81.285258 | E6: =P2_a*P2_w2*COS(RADIANS($A6))/(P2_b*COS(RADIANS(B6))) -> -0.84272739 | F6: =-P2_a*P2_w2*SIN(RADIANS($A6))+P2_b*E6*SIN(RADIANS(B6)) -> -16.854548 | G6: =(P2_a*P2_al2*COS(RADIANS($A6))-P2_a*P2_w2^2*SIN(RADIANS($A6))+P2_b*E6^2*SIN(RADIANS(B6)))/(P2_b*COS(RADIANS(B6))) -> -0.10886127 | H6: =-P2_a*P2_al2*SIN(RADIANS($A6))-P2_a*P2_w2^2*COS(RADIANS($A6))+P2_b*G6*SIN(RADIANS(B6))+P2_b*E6^2*COS(RADIANS(B6)) -> -440.2761 | I6: 45
A7: 0.5 | B7: =180-DEGREES(ASIN((P2_a*SIN(RADIANS($A7))-P2_c)/P2_b)) -> 171.15111 | C7: =P2_a*COS(RADIANS($A7))-P2_b*COS(RADIANS(B7)) -> 165.42754 | D7: =90-DEGREES(ASIN(ABS((P2_a*SIN(RADIANS($A7))-P2_c)/P2_b))) -> 81.151111 | E7: =P2_a*P2_w2*COS(RADIANS($A7))/(P2_b*COS(RADIANS(B7))) -> -0.84300016 | F7: =-P2_a*P2_w2*SIN(RADIANS($A7))+P2_b*E7*SIN(RADIANS(B7)) -> -18.077012 | G7: =(P2_a*P2_al2*COS(RADIANS($A7))-P2_a*P2_w2^2*SIN(RADIANS($A7))+P2_b*E7^2*SIN(RADIANS(B7)))/(P2_b*COS(RADIANS(B7))) -> -0.087523394 | H7: =-P2_a*P2_al2*SIN(RADIANS($A7))-P2_a*P2_w2^2*COS(RADIANS($A7))+P2_b*G7*SIN(RADIANS(B7))+P2_b*E7^2*COS(RADIANS(B7)) -> -439.88938 | I7: 45
A8: 1 | B8: =180-DEGREES(ASIN((P2_a*SIN(RADIANS($A8))-P2_c)/P2_b)) -> 171.01693 | C8: =P2_a*COS(RADIANS($A8))-P2_b*COS(RADIANS(B8)) -> 165.37562 | D8: =90-DEGREES(ASIN(ABS((P2_a*SIN(RADIANS($A8))-P2_c)/P2_b))) -> 81.016926 | E8: =P2_a*P2_w2*COS(RADIANS($A8))/(P2_b*COS(RADIANS(B8))) -> -0.84321361 | F8: =-P2_a*P2_w2*SIN(RADIANS($A8))+P2_b*E8*SIN(RADIANS(B8)) -> -19.298328 | G8: =(P2_a*P2_al2*COS(RADIANS($A8))-P2_a*P2_w2^2*SIN(RADIANS($A8))+P2_b*E8^2*SIN(RADIANS(B8)))/(P2_b*COS(RADIANS(B8))) -> -0.066158439 | H8: =-P2_a*P2_al2*SIN(RADIANS($A8))-P2_a*P2_w2^2*COS(RADIANS($A8))+P2_b*G8*SIN(RADIANS(B8))+P2_b*E8^2*COS(RADIANS(B8)) -> -439.44918 | I8: 45
A9: 1.5 | B9: =180-DEGREES(ASIN((P2_a*SIN(RADIANS($A9))-P2_c)/P2_b)) -> 170.88271 | C9: =P2_a*COS(RADIANS($A9))-P2_b*COS(RADIANS(B9)) -> 165.32032 | D9: =90-DEGREES(ASIN(ABS((P2_a*SIN(RADIANS($A9))-P2_c)/P2_b))) -> 80.882711 | E9: =P2_a*P2_w2*COS(RADIANS($A9))/(P2_b*COS(RADIANS(B9))) -> -0.84336768 | F9: =-P2_a*P2_w2*SIN(RADIANS($A9))+P2_b*E9*SIN(RADIANS(B9)) -> -20.518347 | G9: =(P2_a*P2_al2*COS(RADIANS($A9))-P2_a*P2_w2^2*SIN(RADIANS($A9))+P2_b*E9^2*SIN(RADIANS(B9)))/(P2_b*COS(RADIANS(B9))) -> -0.04476692 | H9: =-P2_a*P2_al2*SIN(RADIANS($A9))-P2_a*P2_w2^2*COS(RADIANS($A9))+P2_b*G9*SIN(RADIANS(B9))+P2_b*E9^2*COS(RADIANS(B9)) -> -438.95548 | I9: 45
A10: 2 | B10: =180-DEGREES(ASIN((P2_a*SIN(RADIANS($A10))-P2_c)/P2_b)) -> 170.74848 | C10: =P2_a*COS(RADIANS($A10))-P2_b*COS(RADIANS(B10)) -> 165.26164 | D10: =90-DEGREES(ASIN(ABS((P2_a*SIN(RADIANS($A10))-P2_c)/P2_b))) -> 80.748477 | E10: =P2_a*P2_w2*COS(RADIANS($A10))/(P2_b*COS(RADIANS(B10))) -> -0.84346229 | F10: =-P2_a*P2_w2*SIN(RADIANS($A10))+P2_b*E10*SIN(RADIANS(B10)) -> -21.73692 | G10: =(P2_a*P2_al2*COS(RADIANS($A10))-P2_a*P2_w2^2*SIN(RADIANS($A10))+P2_b*E10^2*SIN(RADIANS(B10)))/(P2_b*COS(RADIANS(B10))) -> -0.02334935 | H10: =-P2_a*P2_al2*SIN(RADIANS($A10))-P2_a*P2_w2^2*COS(RADIANS($A10))+P2_b*G10*SIN(RADIANS(B10))+P2_b*E10^2*COS(RADIANS(B10)) -> -438.40826 | I10: 45
A11: 2.5 | B11: =180-DEGREES(ASIN((P2_a*SIN(RADIANS($A11))-P2_c)/P2_b)) -> 170.61423 | C11: =P2_a*COS(RADIANS($A11))-P2_b*COS(RADIANS(B11)) -> 165.19956 | D11: =90-DEGREES(ASIN(ABS((P2_a*SIN(RADIANS($A11))-P2_c)/P2_b))) -> 80.614232 | E11: =P2_a*P2_w2*COS(RADIANS($A11))/(P2_b*COS(RADIANS(B11))) -> -0.84349737 | F11: =-P2_a*P2_w2*SIN(RADIANS($A11))+P2_b*E11*SIN(RADIANS(B11)) -> -22.953899 | G11: =(P2_a*P2_al2*COS(RADIANS($A11))-P2_a*P2_w2^2*SIN(RADIANS($A11))+P2_b*E11^2*SIN(RADIANS(B11)))/(P2_b*COS(RADIANS(B11))) -> -0.0019062483 | H11: =-P2_a*P2_al2*SIN(RADIANS($A11))-P2_a*P2_w2^2*COS(RADIANS($A11))+P2_b*G11*SIN(RADIANS(B11))+P2_b*E11^2*COS(RADIANS(B11)) -> -437.80752 | I11: 45
A12: 3 | B12: =180-DEGREES(ASIN((P2_a*SIN(RADIANS($A12))-P2_c)/P2_b)) -> 170.47999 | C12: =P2_a*COS(RADIANS($A12))-P2_b*COS(RADIANS(B12)) -> 165.13412 | D12: =90-DEGREES(ASIN(ABS((P2_a*SIN(RADIANS($A12))-P2_c)/P2_b))) -> 80.479986 | E12: =P2_a*P2_w2*COS(RADIANS($A12))/(P2_b*COS(RADIANS(B12))) -> -0.84347286 | F12: =-P2_a*P2_w2*SIN(RADIANS($A12))+P2_b*E12*SIN(RADIANS(B12)) -> -24.169135 | G12: =(P2_a*P2_al2*COS(RADIANS($A12))-P2_a*P2_w2^2*SIN(RADIANS($A12))+P2_b*E12^2*SIN(RADIANS(B12)))/(P2_b*COS(RADIANS(B12))) -> 0.019561863 | H12: =-P2_a*P2_al2*SIN(RADIANS($A12))-P2_a*P2_w2^2*COS(RADIANS($A12))+P2_b*G12*SIN(RADIANS(B12))+P2_b*E12^2*COS(RADIANS(B12)) -> -437.15326 | I12: 45
A13: 3.5 | B13: =180-DEGREES(ASIN((P2_a*SIN(RADIANS($A13))-P2_c)/P2_b)) -> 170.34575 | C13: =P2_a*COS(RADIANS($A13))-P2_b*COS(RADIANS(B13)) -> 165.06529 | D13: =90-DEGREES(ASIN(ABS((P2_a*SIN(RADIANS($A13))-P2_c)/P2_b))) -> 80.345749 | E13: =P2_a*P2_w2*COS(RADIANS($A13))/(P2_b*COS(RADIANS(B13))) -> -0.84338867 | F13: =-P2_a*P2_w2*SIN(RADIANS($A13))+P2_b*E13*SIN(RADIANS(B13)) -> -25.382479 | G13: =(P2_a*P2_al2*COS(RADIANS($A13))-P2_a*P2_w2^2*SIN(RADIANS($A13))+P2_b*E13^2*SIN(RADIANS(B13)))/(P2_b*COS(RADIANS(B13))) -> 0.041054457 | H13: =-P2_a*P2_al2*SIN(RADIANS($A13))-P2_a*P2_w2^2*COS(RADIANS($A13))+P2_b*G13*SIN(RADIANS(B13))+P2_b*E13^2*COS(RADIANS(B13)) -> -436.44549 | I13: 45
A14: 4 | B14: =180-DEGREES(ASIN((P2_a*SIN(RADIANS($A14))-P2_c)/P2_b)) -> 170.21153 | C14: =P2_a*COS(RADIANS($A14))-P2_b*COS(RADIANS(B14)) -> 164.9931 | D14: =90-DEGREES(ASIN(ABS((P2_a*SIN(RADIANS($A14))-P2_c)/P2_b))) -> 80.211531 | E14: =P2_a*P2_w2*COS(RADIANS($A14))/(P2_b*COS(RADIANS(B14))) -> -0.84324476 | F14: =-P2_a*P2_w2*SIN(RADIANS($A14))+P2_b*E14*SIN(RADIANS(B14)) -> -26.593782 | G14: =(P2_a*P2_al2*COS(RADIANS($A14))-P2_a*P2_w2^2*SIN(RADIANS($A14))+P2_b*E14^2*SIN(RADIANS(B14)))/(P2_b*COS(RADIANS(B14))) -> 0.062571 | H14: =-P2_a*P2_al2*SIN(RADIANS($A14))-P2_a*P2_w2^2*COS(RADIANS($A14))+P2_b*G14*SIN(RADIANS(B14))+P2_b*E14^2*COS(RADIANS(B14)) -> -435.68425 | I14: 45
A15: 4.5 | B15: =180-DEGREES(ASIN((P2_a*SIN(RADIANS($A15))-P2_c)/P2_b)) -> 170.07734 | C15: =P2_a*COS(RADIANS($A15))-P2_b*COS(RADIANS(B15)) -> 164.91755 | D15: =90-DEGREES(ASIN(ABS((P2_a*SIN(RADIANS($A15))-P2_c)/P2_b))) -> 80.077339 | E15: =P2_a*P2_w2*COS(RADIANS($A15))/(P2_b*COS(RADIANS(B15))) -> -0.84304104 | F15: =-P2_a*P2_w2*SIN(RADIANS($A15))+P2_b*E15*SIN(RADIANS(B15)) -> -27.802897 | G15: =(P2_a*P2_al2*COS(RADIANS($A15))-P2_a*P2_w2^2*SIN(RADIANS($A15))+P2_b*E15^2*SIN(RADIANS(B15)))/(P2_b*COS(RADIANS(B15))) -> 0.08411095 | H15: =-P2_a*P2_al2*SIN(RADIANS($A15))-P2_a*P2_w2^2*COS(RADIANS($A15))+P2_b*G15*SIN(RADIANS(B15))+P2_b*E15^2*COS(RADIANS(B15)) -> -434.86955 | I15: 45
A16: 5 | B16: =180-DEGREES(ASIN((P2_a*SIN(RADIANS($A16))-P2_c)/P2_b)) -> 169.94319 | C16: =P2_a*COS(RADIANS($A16))-P2_b*COS(RADIANS(B16)) -> 164.83864 | D16: =90-DEGREES(ASIN(ABS((P2_a*SIN(RADIANS($A16))-P2_c)/P2_b))) -> 79.943185 | E16: =P2_a*P2_w2*COS(RADIANS($A16))/(P2_b*COS(RADIANS(B16))) -> -0.84277745 | F16: =-P2_a*P2_w2*SIN(RADIANS($A16))+P2_b*E16*SIN(RADIANS(B16)) -> -29.009675 | G16: =(P2_a*P2_al2*COS(RADIANS($A16))-P2_a*P2_w2^2*SIN(RADIANS($A16))+P2_b*E16^2*SIN(RADIANS(B16)))/(P2_b*COS(RADIANS(B16))) -> 0.10567376 | H16: =-P2_a*P2_al2*SIN(RADIANS($A16))-P2_a*P2_w2^2*COS(RADIANS($A16))+P2_b*G16*SIN(RADIANS(B16))+P2_b*E16^2*COS(RADIANS(B16)) -> -434.00143 | I16: 45
A17: 5.5 | B17: =180-DEGREES(ASIN((P2_a*SIN(RADIANS($A17))-P2_c)/P2_b)) -> 169.80908 | C17: =P2_a*COS(RADIANS($A17))-P2_b*COS(RADIANS(B17)) -> 164.75639 | D17: =90-DEGREES(ASIN(ABS((P2_a*SIN(RADIANS($A17))-P2_c)/P2_b))) -> 79.809078 | E17: =P2_a*P2_w2*COS(RADIANS($A17))/(P2_b*COS(RADIANS(B17))) -> -0.84245394 | F17: =-P2_a*P2_w2*SIN(RADIANS($A17))+P2_b*E17*SIN(RADIANS(B17)) -> -30.213967 | G17: =(P2_a*P2_al2*COS(RADIANS($A17))-P2_a*P2_w2^2*SIN(RADIANS($A17))+P2_b*E17^2*SIN(RADIANS(B17)))/(P2_b*COS(RADIANS(B17))) -> 0.12725888 | H17: =-P2_a*P2_al2*SIN(RADIANS($A17))-P2_a*P2_w2^2*COS(RADIANS($A17))+P2_b*G17*SIN(RADIANS(B17))+P2_b*E17^2*COS(RADIANS(B17)) -> -433.07994 | I17: 45
... A726: 360 | B726: =180-DEGREES(ASIN((P2_a*SIN(RADIANS($A726))-P2_c)/P2_b)) -> 171.28526 | C726: =P2_a*COS(RADIANS($A726))-P2_b*COS(RADIANS(B726)) -> 165.47605 | D726: =90-DEGREES(ASIN(ABS((P2_a*SIN(RADIANS($A726))-P2_c)/P2_b))) -> 81.285258 | E726: =P2_a*P2_w2*COS(RADIANS($A726))/(P2_b*COS(RADIANS(B726))) -> -0.84272739 | F726: =-P2_a*P2_w2*SIN(RADIANS($A726))+P2_b*E726*SIN(RADIANS(B726)) -> -16.854548 | G726: =(P2_a*P2_al2*COS(RADIANS($A726))-P2_a*P2_w2^2*SIN(RADIANS($A726))+P2_b*E726^2*SIN(RADIANS(B726)))/(P2_b*COS(RADIANS(B726))) -> -0.10886127 | H726: =-P2_a*P2_al2*SIN(RADIANS($A726))-P2_a*P2_w2^2*COS(RADIANS($A726))+P2_b*G726*SIN(RADIANS(B726))+P2_b*E726^2*COS(RADIANS(B726)) -> -440.2761 | I726: 45

Sheet P2 g) Contraste
A1: INCISO g) - CONTRASTE EXPERIMENTAL (modelo fisico vs modelo teorico)
A2: Llena las celdas amarillas con lo que midan en el modelo impreso. Mientras esten vacias, la hoja muestra "—". Las mediciones de rpm vienen del inciso d).
A4: 1. VELOCIDAD ANGULAR DE ENTRADA (dato del inciso d)
A5: Medicion | C5: Valor | D5: Unidad | F5: Notas
A6: Instrumento usado | F6: p. ej. tacometro optico (laser) / video a 60 fps
A7: n medida 1 | D7: rpm | F7: Contar varias vueltas en cada medicion (con carga en la tolva).
A8: n medida 2 | D8: rpm
A9: n medida 3 | D9: rpm
A10: Numero de mediciones | B10: N | C10: =COUNT(C7:C9) -> 0 | D10: -
A11: Promedio | B11: n med | C11: =IF(C10=0,"—",AVERAGE(C7:C9)) -> — | D11: rpm
A12: Desviacion estandar (muestral) | B12: s | C12: =IF(C10<2,"—",STDEV(C7:C9)) -> — | D12: rpm
A13: Coeficiente de variacion | B13: CV | C13: =IF(C10<2,"—",100*C12/C11) -> — | D13: %
A14: Incertidumbre del promedio (95 %) | B14: U95 | C14: =IF(C10<2,"—",TINV(0.05,C10-1)*C12/SQRT(C10)) -> — | D14: rpm | F14: U95 = t(95 %, N−1)·s/√N (t = 4.303 para N = 3)
A15: ω2 medida | B15: ω2 med | C15: =IF(C10=0,"—",P2_sentido*C11*2*PI()/60) -> — | D15: rad/s
A16: ω2 usada en los calculos (diseno) | B16: ω2 teo | C16: =P2_w2 -> 3.1415927 | D16: rad/s
A17: Diferencia medida vs diseno | B17: Δ | C17: =IF(C10=0,"—",100*(C11-P2_n)/P2_n) -> — | D17: % | F17: Si la diferencia es grande, recalcula todo con la velocidad medida: escribe n med en la hoja de Datos (C9).
A19: 2. MAGNITUDES DE SALIDA: TEORICO vs MEDIDO
A20: Magnitud | B20: Teorico | C20: Medido | D20: Unidad | E20: Diferencia (%) | F20: Como se mide
A21: Carrera del bloque (con vernier, en los dos puntos muertos) | B21: =P2_S -> 70.882318 | D21: mm | E21: =IF(ISNUMBER(C21),100*(C21-B21)/B21,"—") -> — | F21: Llevar la manivela a mano a θ2 int y θ2 ext; promediar varias lecturas.
A22: Velocidad maxima del bloque (video / Tracker) | B22: =IF(ISNUMBER(C11),'P2 e) 10 posiciones'!J18*C11/P2_n,'P2 e) 10 posiciones'!J18) -> 119.8018 | D22: mm/s | E22: =IF(ISNUMBER(C22),100*(C22-B22)/B22,"—") -> — | F22: Teorico escalado a la velocidad medida (V ∝ ω2). Pendiente de x(t) en Tracker.
A23: Periodo de un ciclo | B23: =IF(ISNUMBER(C11),60/C11,60/P2_n) -> 2 | D23: s | E23: =IF(ISNUMBER(C23),100*(C23-B23)/B23,"—") -> — | F23: Tiempo entre dos pasos por el mismo punto muerto (video).
A24: Posicion del bloque en θ2 = 90° (desde el punto muerto interior) | B24: ='P2 Curva'!C186-P2_dmin -> 25.080081 | D24: mm | E24: =IF(ISNUMBER(C24),100*(C24-B24)/B24,"—") -> — | F24: Marcar θ2 = 90° en el disco de la manivela y medir la posicion del bloque.
A25: La celda de θ2 = 90° toma d de la hoja P2 Curva (fila de θ2 = 90°).
A27: 3. FUENTES DE DISCREPANCIA - ESTIMACION NUMERICA
A28: Fuente | B28: Dato supuesto | C28: Valor | D28: Unidad | E28: Efecto estimado | F28: Explicacion
A29: Holguras: holgura radial por pasador | B29: e | C29: 0.25 | D29: mm
A30: Holguras: juntas de pasador en serie (O2, A, B) | B30: nj | C30: 3 | D30: -
A31: Juego maximo del bloque (peor caso, 2e por junta) | C31: =2*C29*C30 -> 1.5 | D31: mm | E31: =100*C31/P2_S -> 2.1161836 | F31: % de la carrera. Se nota al invertir el movimiento en los puntos muertos (golpeteo).
A32: Tolerancia de impresion en a, b y c | B32: Δ | C32: 0.2 | D32: mm
A33: Sensibilidad de la carrera a la manivela | B33: ∂S/∂a | C33: =(P2_a+P2_b)/SQRT((P2_a+P2_b)^2-P2_c^2)+(P2_b-P2_a)/SQRT((P2_b-P2_a)^2-P2_c^2) -> 2.0292083 | D33: mm/mm
A34: Sensibilidad de la carrera a la biela | B34: ∂S/∂b | C34: =(P2_a+P2_b)/SQRT((P2_a+P2_b)^2-P2_c^2)-(P2_b-P2_a)/SQRT((P2_b-P2_a)^2-P2_c^2) -> -0.014709564 | D34: mm/mm
A35: Sensibilidad de la carrera al descentrado | B35: ∂S/∂c | C35: =-P2_c/SQRT((P2_a+P2_b)^2-P2_c^2)+P2_c/SQRT((P2_b-P2_a)^2-P2_c^2) -> -0.090084514 | D35: mm/mm
A36: Error de carrera por tolerancias (peor caso) | C36: =C32*(ABS(C33)+ABS(C34)+ABS(C35)) -> 0.42680047 | D36: mm | E36: =100*C36/P2_S -> 0.60212545 | F36: % de la carrera. Casi todo viene de la manivela (∂S/∂a ≈ 2): la carrera es casi 2a.
A37: Friccion: caida de velocidad del motor con carga | B37: Δn | C37: 5 | D37: % | F37: Con friccion el motor se frena en el avance: ω2 deja de ser constante (α2 ≠ 0).
A38: Efecto en velocidades (∝ ω2) | C38: =-C37 -> -5 | D38: %
A39: Efecto en aceleraciones (∝ ω2²) | C39: =100*((1-C37/100)^2-1) -> -9.75 | D39: %
A40: Medicion en video: cuadros por segundo | B40: fps | C40: 60 | D40: cuadros/s
A41: Cuadros por vuelta de la manivela | C41: =C40*60/IF(ISNUMBER(C11),C11,P2_n) -> 120 | D41: cuadros | F41: Mas cuadros por vuelta = mejor resolucion de x(t) y de la velocidad.
A42: Giro de la manivela entre cuadros | C42: =360/C41 -> 3 | D42: °
A43: Masa del bloque con material (estimada) | B43: m | C43: 1.2 | D43: kg
A44: Coeficiente de friccion bloque-guia | B44: μf | C44: 0.3 | D44: -
A45: Fuerza de friccion sobre el bloque | C45: =C44*C43*9.81 -> 3.5316 | D45: N
A46: Fuerza de inercia maxima del bloque | C46: =C43*'P2 e) 10 posiciones'!J19/1000 -> 0.52978694 | D46: N | F46: m·|A_B|max. A 30 rpm la inercia es mucho menor que la friccion: domina la friccion.
A47: Brazo maximo |dd/dθ2| = max|V_B|/ω2 | C47: ='P2 e) 10 posiciones'!J18/ABS(P2_w2) -> 38.134097 | D47: mm
A48: Par requerido en el motor (friccion + inercia) | C48: =(C45+C46)*C47/1000 -> 0.15487732 | D48: N·m | E48: =C48/0.0980665 -> 1.5793092 | F48: ← en kgf·cm. Elegir un motor con ≥ 3 veces este par.
A50: 4. DISCUSION (para el informe)
A51: • Holguras: cada pasador impreso deja 0.2–0.3 mm de juego; en la inversion del movimiento el bloque "pierde" ese juego y la carrera medida puede salir algo menor que la teorica.
A52: • Friccion: frena el bloque y al motor; con carga ω2 baja y oscila, mientras que el modelo supone ω2 constante (α2 = 0).
A53: • Tolerancias de manufactura: el PLA se contrae y los agujeros salen ovalados; la carrera depende casi solo de a (∂S/∂a ≈ 2), asi que un error de 0.2 mm en la manivela cambia la carrera ~0.4 mm.
A54: • Medicion: paralaje y resolucion del video (mm por pixel), cuadros por segundo y calibracion de la escala en Tracker.

Sheet Fila 1
B1: Práctica No.6
B2: Determinación de velocidades mecanismo de cuatro barras método analítico
B3: Escribe los datos en las celdas amarillas; todo lo demás se calcula solo.
B4: Solución | K4: Cálculos intermedios (no editar)
B5: Eslabón 1 | C5: Eslabón 2 | D5: Eslabón 3 | E5: Eslabón 4 | F5: θ2 | G5: ω2 | H5: Rpa | I5: δ | K5: a = Eslabón 2 | L5: =C6 -> 2
B6: 6 | C6: 2 | D6: 7 | E6: 9 | F6: 30 | G6: 10 | H6: 6 | I6: 30 | K6: b = Eslabón 3 | L6: =D6 -> 7
B7: =IF(COUNT($B$6:$I$6)<8,"Faltan datos: llena las 8 celdas amarillas.",IF($L$23,"","R/Para este ángulo de entrada los eslabones no se pueden conectar.")) | K7: c = Eslabón 4 | L7: =E6 -> 9
D8: Posiciones | K8: d = Eslabón 1 | L8: =B6 -> 6
C9: Cruzada | F9: abierta | K9: θ2 en radianes | L9: =RADIANS(F6) -> 0.52359878
C10: RADIANES | D10: GRADOS | F10: RADIANES | G10: GRADOS | K10: K1 = d/a | L10: =L8/L5 -> 3
B11: θ3 | C11: =IFERROR(IF($L$23,2*ATAN((-$L$19+SQRT(MAX(0,$L$22)))/(2*$L$18)),""),"") -> -2.010808 | D11: =IFERROR(IF($L$23,DEGREES(C11),""),"") -> -115.21081 | E11: θ3 | F11: =IFERROR(IF($L$23,2*ATAN((-$L$19-SQRT(MAX(0,$L$22)))/(2*$L$18)),""),"") -> 1.5505024 | G11: =IFERROR(IF($L$23,DEGREES(F11),""),"") -> 88.837241 | K11: K2 = d/c | L11: =L8/L7 -> 0.66666667
B12: θ4 | C12: =IFERROR(IF($L$23,2*ATAN((-$L$16+SQRT(MAX(0,$L$21)))/(2*$L$15)),""),"") -> -2.5073337 | D12: =IFERROR(IF($L$23,DEGREES(C12),""),"") -> -143.65964 | E12: θ4 | F12: =IFERROR(IF($L$23,2*ATAN((-$L$16-SQRT(MAX(0,$L$21)))/(2*$L$15)),""),"") -> 2.0470281 | G12: =IFERROR(IF($L$23,DEGREES(F12),""),"") -> 117.28607 | K12: K3 = (a² − b² + c² + d²)/(2ac) | L12: =(L5^2-L6^2+L7^2+L8^2)/(2*L5*L7) -> 2
B13: μ | C13: =IFERROR(IF($L$23,ACOS(ABS(COS(C12-C11))),""),"") -> 0.49652569 | D13: =IFERROR(IF($L$23,DEGREES(C13),""),"") -> 28.448827 | E13: μ | F13: =IFERROR(IF($L$23,ACOS(ABS(COS(F12-F11))),""),"") -> 0.49652569 | G13: =IFERROR(IF($L$23,DEGREES(F13),""),"") -> 28.448827 | K13: K4 = d/b | L13: =L8/L6 -> 0.85714286
K14: K5 = (c² − d² − a² − b²)/(2ab) | L14: =(L7^2-L8^2-L5^2-L6^2)/(2*L5*L6) -> -0.28571429
C15: GRADOS | K15: A = cosθ2 − K1 − K2·cosθ2 + K3 | L15: =COS(L9)-L10-L11*COS(L9)+L12 -> -0.71132487
B16: θ3 | C16: =IFERROR(IF($L$23,D11+360,""),"") -> 244.78919 | K16: B = −2·sinθ2 | L16: =-2*SIN(L9) -> -1
B17: θ4 | C17: =IFERROR(IF($L$23,D12+360,""),"") -> 216.34036 | K17: C = K1 − (K2 + 1)·cosθ2 + K3 | L17: =L10-(L11+1)*COS(L9)+L12 -> 3.5566243
K18: D = cosθ2 − K1 + K4·cosθ2 + K5 | L18: =COS(L9)-L10+L13*COS(L9)+L14 -> -1.6773814
C19: Velocidades | K19: E = −2·sinθ2 | L19: =-2*SIN(L9) -> -1
D20: Cruzada | F20: abierta | K20: F = K1 + (K4 − 1)·cosθ2 + K5 | L20: =L10+(L13-1)*COS(L9)+L14 -> 2.5905678
D21: RADIANES/s | F21: RADIANES/s | K21: B² − 4AC (para θ4) | L21: =L16^2-4*L15*L17 -> 11.119661
C22: ω3 | D22: =IFERROR(IF($L$23,$L$5*$G$6*SIN(C12-$L$9)/($L$6*SIN(C11-C12)),""),"") -> -0.662352 | E22: ω3 | F22: =IFERROR(IF($L$23,$L$5*$G$6*SIN(F12-$L$9)/($L$6*SIN(F11-F12)),""),"") -> -5.9909657 | K22: E² − 4DF (para θ3) | L22: =L19^2-4*L18*L20 -> 18.381481
C23: ω4 | D23: =IFERROR(IF($L$23,$L$5*$G$6*SIN($L$9-C11)/($L$7*SIN(C12-C11)),""),"") -> -2.6615829 | E23: ω4 | F23: =IFERROR(IF($L$23,$L$5*$G$6*SIN($L$9-F11)/($L$7*SIN(F12-F11)),""),"") -> -3.9917348 | K23: ¿Se conectan? (discriminantes ≥ 0) | L23: =IFERROR(AND(COUNT(B6:I6)=8,L21>=-0.000000001,L22>=-0.000000001),FALSE()) -> TRUE
C24: Vax | D24: =IFERROR(IF($L$23,-$L$5*$G$6*SIN($L$9),""),"") -> -10 | E24: Vax | F24: =IFERROR(IF($L$23,-$L$5*$G$6*SIN($L$9),""),"") -> -10 | K24: θ2 mínimo que conecta (°) | L24: =IFERROR(DEGREES(ACOS(MIN(1,MAX(-1,(L5^2+L8^2-(L6-L7)^2)/(2*L5*L8))))),"") -> 0
C25: Vay | D25: =IFERROR(IF($L$23,$L$5*$G$6*COS($L$9),""),"") -> 17.320508 | E25: Vay | F25: =IFERROR(IF($L$23,$L$5*$G$6*COS($L$9),""),"") -> 17.320508 | K25: θ2 máximo que conecta (°) | L25: =IFERROR(DEGREES(ACOS(MIN(1,MAX(-1,(L5^2+L8^2-(L6+L7)^2)/(2*L5*L8))))),"") -> 180
C26: Vb/a x | D26: =IFERROR(IF($L$23,-$L$6*D22*SIN(C11),""),"") -> -4.1948255 | E26: Vb/a x | F26: =IFERROR(IF($L$23,-$L$6*F22*SIN(F11),""),"") -> 41.928125
C27: Vb/a y | D27: =IFERROR(IF($L$23,$L$6*D22*COS(C11),""),"") -> 1.974902 | E27: Vb/a y | F27: =IFERROR(IF($L$23,$L$6*F22*COS(F11),""),"") -> -0.85100484
C28: Vbx | D28: =IFERROR(IF($L$23,D24+D26,""),"") -> -14.194825 | E28: Vbx | F28: =IFERROR(IF($L$23,F24+F26,""),"") -> 31.928125
C29: Vby | D29: =IFERROR(IF($L$23,D25+D27,""),"") -> 19.29541 | E29: Vby | F29: =IFERROR(IF($L$23,F25+F27,""),"") -> 16.469503
C30: Vp/ax | D30: =IFERROR(IF($L$23,-$H$6*D22*SIN(C11+RADIANS($I$6)),""),"") -> -3.9602369 | E30: Vp/ax | F30: =IFERROR(IF($L$23,-$H$6*F22*SIN(F11+RADIANS($I$6)),""),"") -> 31.488277
C31: Vp/ay | D31: =IFERROR(IF($L$23,$H$6*D22*COS(C11+RADIANS($I$6)),""),"") -> -0.3317978 | E31: Vp/ay | F31: =IFERROR(IF($L$23,$H$6*F22*COS(F11+RADIANS($I$6)),""),"") -> 17.337489
C32: Vpx | D32: =IFERROR(IF($L$23,D24+D30,""),"") -> -13.960237 | E32: Vpx | F32: =IFERROR(IF($L$23,F24+F30,""),"") -> 21.488277
C33: Vpy | D33: =IFERROR(IF($L$23,D25+D31,""),"") -> 16.98871 | E33: Vpy | F33: =IFERROR(IF($L$23,F25+F31,""),"") -> 34.657997
B35: Longitudes en cm, ángulos en grados y ω2 en rad/s. En Velocidades: ω3 y ω4 en rad/s; todas las V en cm/s.
B37: Comprobación: ¿se pueden conectar los eslabones?
B38: Distancia de A a O4 = √(a² + d² − 2·a·d·cos θ2) | F38: =IF(COUNT($B$6:$I$6)<8,"",SQRT($L$5^2+$L$8^2-2*$L$5*$L$8*COS($L$9))) -> 4.3835363 | G38: cm
B39: Mínimo para conectar = |b − c| | F39: =IF(COUNT($B$6:$I$6)<8,"",ABS($L$6-$L$7)) -> 2 | G39: cm
B40: Máximo para conectar = b + c | F40: =IF(COUNT($B$6:$I$6)<8,"",$L$6+$L$7) -> 16 | G40: cm
B41: Valores de θ2 con los que sí se conectan | F41: =IF(COUNT($B$6:$I$6)<8,"",IF(OR((($L$5^2+$L$8^2-($L$6-$L$7)^2)/(2*$L$5*$L$8))<-1,(($L$5^2+$L$8^2-($L$6+$L$7)^2)/(2*$L$5*$L$8))>1),"ninguno (con estas longitudes nunca se conectan)",IF(AND($L$24=0,$L$25=180),"cualquiera (el eslabón 2 da la vuelta completa)","de "&FIXED($L$24,2,TRUE())&"° a "&FIXED($L$25,2,TRUE())&"° y de "&FIXED(360-$L$25,2,TRUE())&"° a "&FIXED(360-$L$24,2,TRUE())&"°"))) -> cualquiera (el eslabón 2 da la vuelta completa)
B42: =IF(COUNT($B$6:$I$6)<8,"",IF($L$23,"R/ Sí se pueden conectar: A–O4 = "&FIXED(F38,3,TRUE())&" cm está entre "&FIXED(F39,3,TRUE())&" y "&FIXED(F40,3,TRUE())&" cm.","R/Para este ángulo de entrada los eslabones no se pueden conectar.")) -> R/ Sí se pueden conectar: A–O4 = 4.384 cm está entre 2.000 y 16.000 cm.

Sheet Fila 2
B1: Práctica No.6
B2: Determinación de velocidades mecanismo de cuatro barras método analítico
B3: Escribe los datos en las celdas amarillas; todo lo demás se calcula solo.
B4: Solución | K4: Cálculos intermedios (no editar)
B5: Eslabón 1 | C5: Eslabón 2 | D5: Eslabón 3 | E5: Eslabón 4 | F5: θ2 | G5: ω2 | H5: Rpa | I5: δ | K5: a = Eslabón 2 | L5: =C6 -> 10
B6: 3 | C6: 10 | D6: 6 | E6: 8 | F6: 45 | G6: -15 | H6: 10 | I6: 80 | K6: b = Eslabón 3 | L6: =D6 -> 6
B7: =IF(COUNT($B$6:$I$6)<8,"Faltan datos: llena las 8 celdas amarillas.",IF($L$23,"","R/Para este ángulo de entrada los eslabones no se pueden conectar.")) | K7: c = Eslabón 4 | L7: =E6 -> 8
D8: Posiciones | K8: d = Eslabón 1 | L8: =B6 -> 3
C9: Cruzada | F9: abierta | K9: θ2 en radianes | L9: =RADIANS(F6) -> 0.78539816
C10: RADIANES | D10: GRADOS | F10: RADIANES | G10: GRADOS | K10: K1 = d/a | L10: =L8/L5 -> 0.3
B11: θ3 | C11: =IFERROR(IF($L$23,2*ATAN((-$L$19+SQRT(MAX(0,$L$22)))/(2*$L$18)),""),"") -> 3.0241472 | D11: =IFERROR(IF($L$23,DEGREES(C11),""),"") -> 173.27087 | E11: θ3 | F11: =IFERROR(IF($L$23,2*ATAN((-$L$19-SQRT(MAX(0,$L$22)))/(2*$L$18)),""),"") -> -0.92732889 | G11: =IFERROR(IF($L$23,DEGREES(F11),""),"") -> -53.132032 | K11: K2 = d/c | L11: =L8/L7 -> 0.375
B12: θ4 | C12: =IFERROR(IF($L$23,2*ATAN((-$L$16+SQRT(MAX(0,$L$21)))/(2*$L$15)),""),"") -> 1.8089923 | D12: =IFERROR(IF($L$23,DEGREES(C12),""),"") -> 103.64762 | E12: θ4 | F12: =IFERROR(IF($L$23,2*ATAN((-$L$16-SQRT(MAX(0,$L$21)))/(2*$L$15)),""),"") -> 0.28782599 | G12: =IFERROR(IF($L$23,DEGREES(F12),""),"") -> 16.491215 | K12: K3 = (a² − b² + c² + d²)/(2ac) | L12: =(L5^2-L6^2+L7^2+L8^2)/(2*L5*L7) -> 0.85625
B13: μ | C13: =IFERROR(IF($L$23,ACOS(ABS(COS(C12-C11))),""),"") -> 1.2151549 | D13: =IFERROR(IF($L$23,DEGREES(C13),""),"") -> 69.623246 | E13: μ | F13: =IFERROR(IF($L$23,ACOS(ABS(COS(F12-F11))),""),"") -> 1.2151549 | G13: =IFERROR(IF($L$23,DEGREES(F13),""),"") -> 69.623246 | K13: K4 = d/b | L13: =L8/L6 -> 0.5
K14: K5 = (c² − d² − a² − b²)/(2ab) | L14: =(L7^2-L8^2-L5^2-L6^2)/(2*L5*L6) -> -0.675
C15: GRADOS | K15: A = cosθ2 − K1 − K2·cosθ2 + K3 | L15: =COS(L9)-L10-L11*COS(L9)+L12 -> 0.99819174
B16: θ3 | C16: =IFERROR(IF($L$23,D11+360,""),"") -> 533.27087 | K16: B = −2·sinθ2 | L16: =-2*SIN(L9) -> -1.4142136
B17: θ4 | C17: =IFERROR(IF($L$23,D12+360,""),"") -> 463.64762 | K17: C = K1 − (K2 + 1)·cosθ2 + K3 | L17: =L10-(L11+1)*COS(L9)+L12 -> 0.18397818
K18: D = cosθ2 − K1 + K4·cosθ2 + K5 | L18: =COS(L9)-L10+L13*COS(L9)+L14 -> 0.085660172
C19: Velocidades | K19: E = −2·sinθ2 | L19: =-2*SIN(L9) -> -1.4142136
D20: Cruzada | F20: abierta | K20: F = K1 + (K4 − 1)·cosθ2 + K5 | L20: =L10+(L13-1)*COS(L9)+L14 -> -0.72855339
D21: RADIANES/s | F21: RADIANES/s | K21: B² − 4AC (para θ4) | L21: =L16^2-4*L15*L17 -> 1.265418
C22: ω3 | D22: =IFERROR(IF($L$23,$L$5*$G$6*SIN(C12-$L$9)/($L$6*SIN(C11-C12)),""),"") -> -22.774757 | E22: ω3 | F22: =IFERROR(IF($L$23,$L$5*$G$6*SIN(F12-$L$9)/($L$6*SIN(F11-F12)),""),"") -> -12.728868 | K22: E² − 4DF (para θ3) | L22: =L19^2-4*L18*L20 -> 2.249632
C23: ω4 | D23: =IFERROR(IF($L$23,$L$5*$G$6*SIN($L$9-C11)/($L$7*SIN(C12-C11)),""),"") -> -15.703111 | E23: ω4 | F23: =IFERROR(IF($L$23,$L$5*$G$6*SIN($L$9-F11)/($L$7*SIN(F12-F11)),""),"") -> -19.800514 | K23: ¿Se conectan? (discriminantes ≥ 0) | L23: =IFERROR(AND(COUNT(B6:I6)=8,L21>=-0.000000001,L22>=-0.000000001),FALSE()) -> TRUE
C24: Vax | D24: =IFERROR(IF($L$23,-$L$5*$G$6*SIN($L$9),""),"") -> 106.06602 | E24: Vax | F24: =IFERROR(IF($L$23,-$L$5*$G$6*SIN($L$9),""),"") -> 106.06602 | K24: θ2 mínimo que conecta (°) | L24: =IFERROR(DEGREES(ACOS(MIN(1,MAX(-1,(L5^2+L8^2-(L6-L7)^2)/(2*L5*L8))))),"") -> 0
C25: Vay | D25: =IFERROR(IF($L$23,$L$5*$G$6*COS($L$9),""),"") -> -106.06602 | E25: Vay | F25: =IFERROR(IF($L$23,$L$5*$G$6*COS($L$9),""),"") -> -106.06602 | K25: θ2 máximo que conecta (°) | L25: =IFERROR(DEGREES(ACOS(MIN(1,MAX(-1,(L5^2+L8^2-(L6+L7)^2)/(2*L5*L8))))),"") -> 180
C26: Vb/a x | D26: =IFERROR(IF($L$23,-$L$6*D22*SIN(C11),""),"") -> 16.011882 | E26: Vb/a x | F26: =IFERROR(IF($L$23,-$L$6*F22*SIN(F11),""),"") -> -61.100108
C27: Vb/a y | D27: =IFERROR(IF($L$23,$L$6*D22*COS(C11),""),"") -> 135.7072 | E27: Vb/a y | F27: =IFERROR(IF($L$23,$L$6*F22*COS(F11),""),"") -> -45.821866
C28: Vbx | D28: =IFERROR(IF($L$23,D24+D26,""),"") -> 122.0779 | E28: Vbx | F28: =IFERROR(IF($L$23,F24+F26,""),"") -> 44.965909
C29: Vby | D29: =IFERROR(IF($L$23,D25+D27,""),"") -> 29.641184 | E29: Vby | F29: =IFERROR(IF($L$23,F25+F27,""),"") -> -151.88788
C30: Vp/ax | D30: =IFERROR(IF($L$23,-$H$6*D22*SIN(C11+RADIANS($I$6)),""),"") -> -218.10845 | E30: Vp/ax | F30: =IFERROR(IF($L$23,-$H$6*F22*SIN(F11+RADIANS($I$6)),""),"") -> 57.526345
C31: Vp/ay | D31: =IFERROR(IF($L$23,$H$6*D22*COS(C11+RADIANS($I$6)),""),"") -> 65.556556 | E31: Vp/ay | F31: =IFERROR(IF($L$23,$H$6*F22*COS(F11+RADIANS($I$6)),""),"") -> -113.54791
C32: Vpx | D32: =IFERROR(IF($L$23,D24+D30,""),"") -> -112.04243 | E32: Vpx | F32: =IFERROR(IF($L$23,F24+F30,""),"") -> 163.59236
C33: Vpy | D33: =IFERROR(IF($L$23,D25+D31,""),"") -> -40.509461 | E33: Vpy | F33: =IFERROR(IF($L$23,F25+F31,""),"") -> -219.61392
B35: Longitudes en cm, ángulos en grados y ω2 en rad/s. En Velocidades: ω3 y ω4 en rad/s; todas las V en cm/s.
B37: Comprobación: ¿se pueden conectar los eslabones?
B38: Distancia de A a O4 = √(a² + d² − 2·a·d·cos θ2) | F38: =IF(COUNT($B$6:$I$6)<8,"",SQRT($L$5^2+$L$8^2-2*$L$5*$L$8*COS($L$9))) -> 8.1592643 | G38: cm
B39: Mínimo para conectar = |b − c| | F39: =IF(COUNT($B$6:$I$6)<8,"",ABS($L$6-$L$7)) -> 2 | G39: cm
B40: Máximo para conectar = b + c | F40: =IF(COUNT($B$6:$I$6)<8,"",$L$6+$L$7) -> 14 | G40: cm
B41: Valores de θ2 con los que sí se conectan | F41: =IF(COUNT($B$6:$I$6)<8,"",IF(OR((($L$5^2+$L$8^2-($L$6-$L$7)^2)/(2*$L$5*$L$8))<-1,(($L$5^2+$L$8^2-($L$6+$L$7)^2)/(2*$L$5*$L$8))>1),"ninguno (con estas longitudes nunca se conectan)",IF(AND($L$24=0,$L$25=180),"cualquiera (el eslabón 2 da la vuelta completa)","de "&FIXED($L$24,2,TRUE())&"° a "&FIXED($L$25,2,TRUE())&"° y de "&FIXED(360-$L$25,2,TRUE())&"° a "&FIXED(360-$L$24,2,TRUE())&"°"))) -> cualquiera (el eslabón 2 da la vuelta completa)
B42: =IF(COUNT($B$6:$I$6)<8,"",IF($L$23,"R/ Sí se pueden conectar: A–O4 = "&FIXED(F38,3,TRUE())&" cm está entre "&FIXED(F39,3,TRUE())&" y "&FIXED(F40,3,TRUE())&" cm.","R/Para este ángulo de entrada los eslabones no se pueden conectar.")) -> R/ Sí se pueden conectar: A–O4 = 8.159 cm está entre 2.000 y 14.000 cm.

Sheet Fila 3
B1: Práctica No.6
B2: Determinación de velocidades mecanismo de cuatro barras método analítico
B3: Escribe los datos en las celdas amarillas; todo lo demás se calcula solo.
B4: Solución | K4: Cálculos intermedios (no editar)
B5: Eslabón 1 | C5: Eslabón 2 | D5: Eslabón 3 | E5: Eslabón 4 | F5: θ2 | G5: ω2 | H5: Rpa | I5: δ | K5: a = Eslabón 2 | L5: =C6 -> 5
B6: 8 | C6: 5 | D6: 8 | E6: 6 | F6: 75 | G6: -50 | H6: 9 | I6: 300 | K6: b = Eslabón 3 | L6: =D6 -> 8
B7: =IF(COUNT($B$6:$I$6)<8,"Faltan datos: llena las 8 celdas amarillas.",IF($L$23,"","R/Para este ángulo de entrada los eslabones no se pueden conectar.")) | K7: c = Eslabón 4 | L7: =E6 -> 6
D8: Posiciones | K8: d = Eslabón 1 | L8: =B6 -> 8
C9: Cruzada | F9: abierta | K9: θ2 en radianes | L9: =RADIANS(F6) -> 1.3089969
C10: RADIANES | D10: GRADOS | F10: RADIANES | G10: GRADOS | K10: K1 = d/a | L10: =L8/L5 -> 1.6
B11: θ3 | C11: =IFERROR(IF($L$23,2*ATAN((-$L$19+SQRT(MAX(0,$L$22)))/(2*$L$18)),""),"") -> -1.3791699 | D11: =IFERROR(IF($L$23,DEGREES(C11),""),"") -> -79.020616 | E11: θ3 | F11: =IFERROR(IF($L$23,2*ATAN((-$L$19-SQRT(MAX(0,$L$22)))/(2*$L$18)),""),"") -> 0.13085325 | G11: =IFERROR(IF($L$23,DEGREES(F11),""),"") -> 7.4973388 | K11: K2 = d/c | L11: =L8/L7 -> 1.3333333
B12: θ4 | C12: =IFERROR(IF($L$23,2*ATAN((-$L$16+SQRT(MAX(0,$L$21)))/(2*$L$15)),""),"") -> -2.613381 | D12: =IFERROR(IF($L$23,DEGREES(C12),""),"") -> -149.7357 | E12: θ4 | F12: =IFERROR(IF($L$23,2*ATAN((-$L$16-SQRT(MAX(0,$L$21)))/(2*$L$15)),""),"") -> 1.3650643 | G12: =IFERROR(IF($L$23,DEGREES(F12),""),"") -> 78.212425 | K12: K3 = (a² − b² + c² + d²)/(2ac) | L12: =(L5^2-L6^2+L7^2+L8^2)/(2*L5*L7) -> 1.0166667
B13: μ | C13: =IFERROR(IF($L$23,ACOS(ABS(COS(C12-C11))),""),"") -> 1.2342111 | D13: =IFERROR(IF($L$23,DEGREES(C13),""),"") -> 70.715086 | E13: μ | F13: =IFERROR(IF($L$23,ACOS(ABS(COS(F12-F11))),""),"") -> 1.2342111 | G13: =IFERROR(IF($L$23,DEGREES(F13),""),"") -> 70.715086 | K13: K4 = d/b | L13: =L8/L6 -> 1
K14: K5 = (c² − d² − a² − b²)/(2ab) | L14: =(L7^2-L8^2-L5^2-L6^2)/(2*L5*L6) -> -1.4625
C15: GRADOS | K15: A = cosθ2 − K1 − K2·cosθ2 + K3 | L15: =COS(L9)-L10-L11*COS(L9)+L12 -> -0.66960635
B16: θ3 | C16: =IFERROR(IF($L$23,D11+360,""),"") -> 280.97938 | K16: B = −2·sinθ2 | L16: =-2*SIN(L9) -> -1.9318517
B17: θ4 | C17: =IFERROR(IF($L$23,D12+360,""),"") -> 210.2643 | K17: C = K1 − (K2 + 1)·cosθ2 + K3 | L17: =L10-(L11+1)*COS(L9)+L12 -> 2.0127556
K18: D = cosθ2 − K1 + K4·cosθ2 + K5 | L18: =COS(L9)-L10+L13*COS(L9)+L14 -> -2.5448619
C19: Velocidades | K19: E = −2·sinθ2 | L19: =-2*SIN(L9) -> -1.9318517
D20: Cruzada | F20: abierta | K20: F = K1 + (K4 − 1)·cosθ2 + K5 | L20: =L10+(L13-1)*COS(L9)+L14 -> 0.1375
D21: RADIANES/s | F21: RADIANES/s | K21: B² − 4AC (para θ4) | L21: =L16^2-4*L15*L17 -> 9.1230664
C22: ω3 | D22: =IFERROR(IF($L$23,$L$5*$G$6*SIN(C12-$L$9)/($L$6*SIN(C11-C12)),""),"") -> -23.302471 | E22: ω3 | F22: =IFERROR(IF($L$23,$L$5*$G$6*SIN(F12-$L$9)/($L$6*SIN(F11-F12)),""),"") -> 1.8552926 | K22: E² − 4DF (para θ3) | L22: =L19^2-4*L18*L20 -> 5.1317249
C23: ω4 | D23: =IFERROR(IF($L$23,$L$5*$G$6*SIN($L$9-C11)/($L$7*SIN(C12-C11)),""),"") -> 19.337028 | E23: ω4 | F23: =IFERROR(IF($L$23,$L$5*$G$6*SIN($L$9-F11)/($L$7*SIN(F12-F11)),""),"") -> -40.784207 | K23: ¿Se conectan? (discriminantes ≥ 0) | L23: =IFERROR(AND(COUNT(B6:I6)=8,L21>=-0.000000001,L22>=-0.000000001),FALSE()) -> TRUE
C24: Vax | D24: =IFERROR(IF($L$23,-$L$5*$G$6*SIN($L$9),""),"") -> 241.48146 | E24: Vax | F24: =IFERROR(IF($L$23,-$L$5*$G$6*SIN($L$9),""),"") -> 241.48146 | K24: θ2 mínimo que conecta (°) | L24: =IFERROR(DEGREES(ACOS(MIN(1,MAX(-1,(L5^2+L8^2-(L6-L7)^2)/(2*L5*L8))))),"") -> 0
C25: Vay | D25: =IFERROR(IF($L$23,$L$5*$G$6*COS($L$9),""),"") -> -64.704761 | E25: Vay | F25: =IFERROR(IF($L$23,$L$5*$G$6*COS($L$9),""),"") -> -64.704761 | K25: θ2 máximo que conecta (°) | L25: =IFERROR(DEGREES(ACOS(MIN(1,MAX(-1,(L5^2+L8^2-(L6+L7)^2)/(2*L5*L8))))),"") -> 180
C26: Vb/a x | D26: =IFERROR(IF($L$23,-$L$6*D22*SIN(C11),""),"") -> -183.0075 | E26: Vb/a x | F26: =IFERROR(IF($L$23,-$L$6*F22*SIN(F11),""),"") -> -1.9366308
C27: Vb/a y | D27: =IFERROR(IF($L$23,$L$6*D22*COS(C11),""),"") -> -35.50472 | E27: Vb/a y | F27: =IFERROR(IF($L$23,$L$6*F22*COS(F11),""),"") -> 14.715453
C28: Vbx | D28: =IFERROR(IF($L$23,D24+D26,""),"") -> 58.473957 | E28: Vbx | F28: =IFERROR(IF($L$23,F24+F26,""),"") -> 239.54483
C29: Vby | D29: =IFERROR(IF($L$23,D25+D27,""),"") -> -100.20948 | E29: Vby | F29: =IFERROR(IF($L$23,F25+F27,""),"") -> -49.989308
C30: Vp/ax | D30: =IFERROR(IF($L$23,-$H$6*D22*SIN(C11+RADIANS($I$6)),""),"") -> -137.53321 | E30: Vp/ax | F30: =IFERROR(IF($L$23,-$H$6*F22*SIN(F11+RADIANS($I$6)),""),"") -> 13.247596
C31: Vp/ay | D31: =IFERROR(IF($L$23,$H$6*D22*COS(C11+RADIANS($I$6)),""),"") -> 158.32888 | E31: Vp/ay | F31: =IFERROR(IF($L$23,$H$6*F22*COS(F11+RADIANS($I$6)),""),"") -> 10.16426
C32: Vpx | D32: =IFERROR(IF($L$23,D24+D30,""),"") -> 103.94825 | E32: Vpx | F32: =IFERROR(IF($L$23,F24+F30,""),"") -> 254.72905
C33: Vpy | D33: =IFERROR(IF($L$23,D25+D31,""),"") -> 93.62412 | E33: Vpy | F33: =IFERROR(IF($L$23,F25+F31,""),"") -> -54.540501
B35: Longitudes en cm, ángulos en grados y ω2 en rad/s. En Velocidades: ω3 y ω4 en rad/s; todas las V en cm/s.
B37: Comprobación: ¿se pueden conectar los eslabones?
B38: Distancia de A a O4 = √(a² + d² − 2·a·d·cos θ2) | F38: =IF(COUNT($B$6:$I$6)<8,"",SQRT($L$5^2+$L$8^2-2*$L$5*$L$8*COS($L$9))) -> 8.2640472 | G38: cm
B39: Mínimo para conectar = |b − c| | F39: =IF(COUNT($B$6:$I$6)<8,"",ABS($L$6-$L$7)) -> 2 | G39: cm
B40: Máximo para conectar = b + c | F40: =IF(COUNT($B$6:$I$6)<8,"",$L$6+$L$7) -> 14 | G40: cm
B41: Valores de θ2 con los que sí se conectan | F41: =IF(COUNT($B$6:$I$6)<8,"",IF(OR((($L$5^2+$L$8^2-($L$6-$L$7)^2)/(2*$L$5*$L$8))<-1,(($L$5^2+$L$8^2-($L$6+$L$7)^2)/(2*$L$5*$L$8))>1),"ninguno (con estas longitudes nunca se conectan)",IF(AND($L$24=0,$L$25=180),"cualquiera (el eslabón 2 da la vuelta completa)","de "&FIXED($L$24,2,TRUE())&"° a "&FIXED($L$25,2,TRUE())&"° y de "&FIXED(360-$L$25,2,TRUE())&"° a "&FIXED(360-$L$24,2,TRUE())&"°"))) -> cualquiera (el eslabón 2 da la vuelta completa)
B42: =IF(COUNT($B$6:$I$6)<8,"",IF($L$23,"R/ Sí se pueden conectar: A–O4 = "&FIXED(F38,3,TRUE())&" cm está entre "&FIXED(F39,3,TRUE())&" y "&FIXED(F40,3,TRUE())&" cm.","R/Para este ángulo de entrada los eslabones no se pueden conectar.")) -> R/ Sí se pueden conectar: A–O4 = 8.264 cm está entre 2.000 y 14.000 cm.

Sheet Fila 4
B1: Práctica No.6
B2: Determinación de velocidades mecanismo de cuatro barras método analítico
B3: Escribe los datos en las celdas amarillas; todo lo demás se calcula solo.
B4: Solución | K4: Cálculos intermedios (no editar)
B5: Eslabón 1 | C5: Eslabón 2 | D5: Eslabón 3 | E5: Eslabón 4 | F5: θ2 | G5: ω2 | H5: Rpa | I5: δ | K5: a = Eslabón 2 | L5: =C6 -> 8
B6: 6 | C6: 8 | D6: 8 | E6: 9 | F6: 25 | G6: 100 | H6: 4 | I6: 300 | K6: b = Eslabón 3 | L6: =D6 -> 8
B7: =IF(COUNT($B$6:$I$6)<8,"Faltan datos: llena las 8 celdas amarillas.",IF($L$23,"","R/Para este ángulo de entrada los eslabones no se pueden conectar.")) | K7: c = Eslabón 4 | L7: =E6 -> 9
D8: Posiciones | K8: d = Eslabón 1 | L8: =B6 -> 6
C9: Cruzada | F9: abierta | K9: θ2 en radianes | L9: =RADIANS(F6) -> 0.43633231
C10: RADIANES | D10: GRADOS | F10: RADIANES | G10: GRADOS | K10: K1 = d/a | L10: =L8/L5 -> 0.75
B11: θ3 | C11: =IFERROR(IF($L$23,2*ATAN((-$L$19+SQRT(MAX(0,$L$22)))/(2*$L$18)),""),"") -> 2.7178352 | D11: =IFERROR(IF($L$23,DEGREES(C11),""),"") -> 155.72049 | E11: θ3 | F11: =IFERROR(IF($L$23,2*ATAN((-$L$19-SQRT(MAX(0,$L$22)))/(2*$L$18)),""),"") -> -0.28474856 | G11: =IFERROR(IF($L$23,DEGREES(F11),""),"") -> -16.314891 | K11: K2 = d/c | L11: =L8/L7 -> 0.66666667
B12: θ4 | C12: =IFERROR(IF($L$23,2*ATAN((-$L$16+SQRT(MAX(0,$L$21)))/(2*$L$15)),""),"") -> 2.3067937 | D12: =IFERROR(IF($L$23,DEGREES(C12),""),"") -> 132.16954 | E12: θ4 | F12: =IFERROR(IF($L$23,2*ATAN((-$L$16-SQRT(MAX(0,$L$21)))/(2*$L$15)),""),"") -> 0.12629289 | G12: =IFERROR(IF($L$23,DEGREES(F12),""),"") -> 7.2360498 | K12: K3 = (a² − b² + c² + d²)/(2ac) | L12: =(L5^2-L6^2+L7^2+L8^2)/(2*L5*L7) -> 0.8125
B13: μ | C13: =IFERROR(IF($L$23,ACOS(ABS(COS(C12-C11))),""),"") -> 0.41104146 | D13: =IFERROR(IF($L$23,DEGREES(C13),""),"") -> 23.550941 | E13: μ | F13: =IFERROR(IF($L$23,ACOS(ABS(COS(F12-F11))),""),"") -> 0.41104146 | G13: =IFERROR(IF($L$23,DEGREES(F13),""),"") -> 23.550941 | K13: K4 = d/b | L13: =L8/L6 -> 0.75
K14: K5 = (c² − d² − a² − b²)/(2ab) | L14: =(L7^2-L8^2-L5^2-L6^2)/(2*L5*L6) -> -0.6484375
C15: GRADOS | K15: A = cosθ2 − K1 − K2·cosθ2 + K3 | L15: =COS(L9)-L10-L11*COS(L9)+L12 -> 0.3646026
B16: θ3 | C16: =IFERROR(IF($L$23,D11+360,""),"") -> 515.72049 | K16: B = −2·sinθ2 | L16: =-2*SIN(L9) -> -0.84523652
B17: θ4 | C17: =IFERROR(IF($L$23,D12+360,""),"") -> 492.16954 | K17: C = K1 − (K2 + 1)·cosθ2 + K3 | L17: =L10-(L11+1)*COS(L9)+L12 -> 0.051987022
K18: D = cosθ2 − K1 + K4·cosθ2 + K5 | L18: =COS(L9)-L10+L13*COS(L9)+L14 -> 0.18760113
C19: Velocidades | K19: E = −2·sinθ2 | L19: =-2*SIN(L9) -> -0.84523652
D20: Cruzada | F20: abierta | K20: F = K1 + (K4 − 1)·cosθ2 + K5 | L20: =L10+(L13-1)*COS(L9)+L14 -> -0.12501445
D21: RADIANES/s | F21: RADIANES/s | K21: B² − 4AC (para θ4) | L21: =L16^2-4*L15*L17 -> 0.63860637
C22: ω3 | D22: =IFERROR(IF($L$23,$L$5*$G$6*SIN(C12-$L$9)/($L$6*SIN(C11-C12)),""),"") -> 239.11934 | E22: ω3 | F22: =IFERROR(IF($L$23,$L$5*$G$6*SIN(F12-$L$9)/($L$6*SIN(F11-F12)),""),"") -> 76.357225 | K22: E² − 4DF (para θ3) | L22: =L19^2-4*L18*L20 -> 0.80823619
C23: ω4 | D23: =IFERROR(IF($L$23,$L$5*$G$6*SIN($L$9-C11)/($L$7*SIN(C12-C11)),""),"") -> 168.60615 | E23: ω4 | F23: =IFERROR(IF($L$23,$L$5*$G$6*SIN($L$9-F11)/($L$7*SIN(F12-F11)),""),"") -> 146.87042 | K23: ¿Se conectan? (discriminantes ≥ 0) | L23: =IFERROR(AND(COUNT(B6:I6)=8,L21>=-0.000000001,L22>=-0.000000001),FALSE()) -> TRUE
C24: Vax | D24: =IFERROR(IF($L$23,-$L$5*$G$6*SIN($L$9),""),"") -> -338.09461 | E24: Vax | F24: =IFERROR(IF($L$23,-$L$5*$G$6*SIN($L$9),""),"") -> -338.09461 | K24: θ2 mínimo que conecta (°) | L24: =IFERROR(DEGREES(ACOS(MIN(1,MAX(-1,(L5^2+L8^2-(L6-L7)^2)/(2*L5*L8))))),"") -> 0
C25: Vay | D25: =IFERROR(IF($L$23,$L$5*$G$6*COS($L$9),""),"") -> 725.04623 | E25: Vay | F25: =IFERROR(IF($L$23,$L$5*$G$6*COS($L$9),""),"") -> 725.04623 | K25: θ2 máximo que conecta (°) | L25: =IFERROR(DEGREES(ACOS(MIN(1,MAX(-1,(L5^2+L8^2-(L6+L7)^2)/(2*L5*L8))))),"") -> 180
C26: Vb/a x | D26: =IFERROR(IF($L$23,-$L$6*D22*SIN(C11),""),"") -> -786.58494 | E26: Vb/a x | F26: =IFERROR(IF($L$23,-$L$6*F22*SIN(F11),""),"") -> 171.59982
C27: Vb/a y | D27: =IFERROR(IF($L$23,$L$6*D22*COS(C11),""),"") -> -1743.7546 | E27: Vb/a y | F27: =IFERROR(IF($L$23,$L$6*F22*COS(F11),""),"") -> 586.25997
C28: Vbx | D28: =IFERROR(IF($L$23,D24+D26,""),"") -> -1124.6795 | E28: Vbx | F28: =IFERROR(IF($L$23,F24+F26,""),"") -> -166.49479
C29: Vby | D29: =IFERROR(IF($L$23,D25+D27,""),"") -> -1018.7083 | E29: Vby | F29: =IFERROR(IF($L$23,F25+F27,""),"") -> 1311.3062
C30: Vp/ax | D30: =IFERROR(IF($L$23,-$H$6*D22*SIN(C11+RADIANS($I$6)),""),"") -> -951.7141 | E30: Vp/ax | F30: =IFERROR(IF($L$23,-$H$6*F22*SIN(F11+RADIANS($I$6)),""),"") -> 296.75797
C31: Vp/ay | D31: =IFERROR(IF($L$23,$H$6*D22*COS(C11+RADIANS($I$6)),""),"") -> -95.33737 | E31: Vp/ay | F31: =IFERROR(IF($L$23,$H$6*F22*COS(F11+RADIANS($I$6)),""),"") -> 72.260091
C32: Vpx | D32: =IFERROR(IF($L$23,D24+D30,""),"") -> -1289.8087 | E32: Vpx | F32: =IFERROR(IF($L$23,F24+F30,""),"") -> -41.336639
C33: Vpy | D33: =IFERROR(IF($L$23,D25+D31,""),"") -> 629.70886 | E33: Vpy | F33: =IFERROR(IF($L$23,F25+F31,""),"") -> 797.30632
B35: Longitudes en cm, ángulos en grados y ω2 en rad/s. En Velocidades: ω3 y ω4 en rad/s; todas las V en cm/s.
B37: Comprobación: ¿se pueden conectar los eslabones?
B38: Distancia de A a O4 = √(a² + d² − 2·a·d·cos θ2) | F38: =IF(COUNT($B$6:$I$6)<8,"",SQRT($L$5^2+$L$8^2-2*$L$5*$L$8*COS($L$9))) -> 3.6047819 | G38: cm
B39: Mínimo para conectar = |b − c| | F39: =IF(COUNT($B$6:$I$6)<8,"",ABS($L$6-$L$7)) -> 1 | G39: cm
B40: Máximo para conectar = b + c | F40: =IF(COUNT($B$6:$I$6)<8,"",$L$6+$L$7) -> 17 | G40: cm
B41: Valores de θ2 con los que sí se conectan | F41: =IF(COUNT($B$6:$I$6)<8,"",IF(OR((($L$5^2+$L$8^2-($L$6-$L$7)^2)/(2*$L$5*$L$8))<-1,(($L$5^2+$L$8^2-($L$6+$L$7)^2)/(2*$L$5*$L$8))>1),"ninguno (con estas longitudes nunca se conectan)",IF(AND($L$24=0,$L$25=180),"cualquiera (el eslabón 2 da la vuelta completa)","de "&FIXED($L$24,2,TRUE())&"° a "&FIXED($L$25,2,TRUE())&"° y de "&FIXED(360-$L$25,2,TRUE())&"° a "&FIXED(360-$L$24,2,TRUE())&"°"))) -> cualquiera (el eslabón 2 da la vuelta completa)
B42: =IF(COUNT($B$6:$I$6)<8,"",IF($L$23,"R/ Sí se pueden conectar: A–O4 = "&FIXED(F38,3,TRUE())&" cm está entre "&FIXED(F39,3,TRUE())&" y "&FIXED(F40,3,TRUE())&" cm.","R/Para este ángulo de entrada los eslabones no se pueden conectar.")) -> R/ Sí se pueden conectar: A–O4 = 3.605 cm está entre 1.000 y 17.000 cm.

Sheet Fila 5
B1: Práctica No.6
B2: Determinación de velocidades mecanismo de cuatro barras método analítico
B3: Escribe los datos en las celdas amarillas; todo lo demás se calcula solo.
B4: Solución | K4: Cálculos intermedios (no editar)
B5: Eslabón 1 | C5: Eslabón 2 | D5: Eslabón 3 | E5: Eslabón 4 | F5: θ2 | G5: ω2 | H5: Rpa | I5: δ | K5: a = Eslabón 2 | L5: =C6 -> 5
B6: 4 | C6: 5 | D6: 2 | E6: 5 | F6: 80 | G6: 25 | H6: 9 | I6: 80 | K6: b = Eslabón 3 | L6: =D6 -> 2
B7: =IF(COUNT($B$6:$I$6)<8,"Faltan datos: llena las 8 celdas amarillas.",IF($L$23,"","R/Para este ángulo de entrada los eslabones no se pueden conectar.")) | K7: c = Eslabón 4 | L7: =E6 -> 5
D8: Posiciones | K8: d = Eslabón 1 | L8: =B6 -> 4
C9: Cruzada | F9: abierta | K9: θ2 en radianes | L9: =RADIANS(F6) -> 1.3962634
C10: RADIANES | D10: GRADOS | F10: RADIANES | G10: GRADOS | K10: K1 = d/a | L10: =L8/L5 -> 0.8
B11: θ3 | C11: =IFERROR(IF($L$23,2*ATAN((-$L$19+SQRT(MAX(0,$L$22)))/(2*$L$18)),""),"") -> -1.9816383 | D11: =IFERROR(IF($L$23,DEGREES(C11),""),"") -> -113.53951 | E11: θ3 | F11: =IFERROR(IF($L$23,2*ATAN((-$L$19-SQRT(MAX(0,$L$22)))/(2*$L$18)),""),"") -> -0.026993318 | G11: =IFERROR(IF($L$23,DEGREES(F11),""),"") -> -1.5466032 | K11: K2 = d/c | L11: =L8/L7 -> 0.8
B12: θ4 | C12: =IFERROR(IF($L$23,2*ATAN((-$L$16+SQRT(MAX(0,$L$21)))/(2*$L$15)),""),"") -> 2.4752771 | D12: =IFERROR(IF($L$23,DEGREES(C12),""),"") -> 141.82293 | E12: θ4 | F12: =IFERROR(IF($L$23,2*ATAN((-$L$16-SQRT(MAX(0,$L$21)))/(2*$L$15)),""),"") -> 1.7992766 | G12: =IFERROR(IF($L$23,DEGREES(F12),""),"") -> 103.09095 | K12: K3 = (a² − b² + c² + d²)/(2ac) | L12: =(L5^2-L6^2+L7^2+L8^2)/(2*L5*L7) -> 1.24
B13: μ | C13: =IFERROR(IF($L$23,ACOS(ABS(COS(C12-C11))),""),"") -> 1.3153227 | D13: =IFERROR(IF($L$23,DEGREES(C13),""),"") -> 75.362442 | E13: μ | F13: =IFERROR(IF($L$23,ACOS(ABS(COS(F12-F11))),""),"") -> 1.3153227 | G13: =IFERROR(IF($L$23,DEGREES(F13),""),"") -> 75.362442 | K13: K4 = d/b | L13: =L8/L6 -> 2
K14: K5 = (c² − d² − a² − b²)/(2ab) | L14: =(L7^2-L8^2-L5^2-L6^2)/(2*L5*L6) -> -1
C15: GRADOS | K15: A = cosθ2 − K1 − K2·cosθ2 + K3 | L15: =COS(L9)-L10-L11*COS(L9)+L12 -> 0.47472964
B16: θ3 | C16: =IFERROR(IF($L$23,D11+360,""),"") -> 246.46049 | K16: B = −2·sinθ2 | L16: =-2*SIN(L9) -> -1.9696155
B17: θ4 | C17: =IFERROR(IF($L$23,D12+360,""),"") -> 501.82293 | K17: C = K1 − (K2 + 1)·cosθ2 + K3 | L17: =L10-(L11+1)*COS(L9)+L12 -> 1.7274333
K18: D = cosθ2 − K1 + K4·cosθ2 + K5 | L18: =COS(L9)-L10+L13*COS(L9)+L14 -> -1.2790555
C19: Velocidades | K19: E = −2·sinθ2 | L19: =-2*SIN(L9) -> -1.9696155
D20: Cruzada | F20: abierta | K20: F = K1 + (K4 − 1)·cosθ2 + K5 | L20: =L10+(L13-1)*COS(L9)+L14 -> -0.026351822
D21: RADIANES/s | F21: RADIANES/s | K21: B² − 4AC (para θ4) | L21: =L16^2-4*L15*L17 -> 0.59913016
C22: ω3 | D22: =IFERROR(IF($L$23,$L$5*$G$6*SIN(C12-$L$9)/($L$6*SIN(C11-C12)),""),"") -> 56.941388 | E22: ω3 | F22: =IFERROR(IF($L$23,$L$5*$G$6*SIN(F12-$L$9)/($L$6*SIN(F11-F12)),""),"") -> -25.334249 | K22: E² − 4DF (para θ3) | L22: =L19^2-4*L18*L20 -> 3.7445635
C23: ω4 | D23: =IFERROR(IF($L$23,$L$5*$G$6*SIN($L$9-C11)/($L$7*SIN(C12-C11)),""),"") -> 6.0492308 | E23: ω4 | F23: =IFERROR(IF($L$23,$L$5*$G$6*SIN($L$9-F11)/($L$7*SIN(F12-F11)),""),"") -> 25.557908 | K23: ¿Se conectan? (discriminantes ≥ 0) | L23: =IFERROR(AND(COUNT(B6:I6)=8,L21>=-0.000000001,L22>=-0.000000001),FALSE()) -> TRUE
C24: Vax | D24: =IFERROR(IF($L$23,-$L$5*$G$6*SIN($L$9),""),"") -> -123.10097 | E24: Vax | F24: =IFERROR(IF($L$23,-$L$5*$G$6*SIN($L$9),""),"") -> -123.10097 | K24: θ2 mínimo que conecta (°) | L24: =IFERROR(DEGREES(ACOS(MIN(1,MAX(-1,(L5^2+L8^2-(L6-L7)^2)/(2*L5*L8))))),"") -> 36.869898
C25: Vay | D25: =IFERROR(IF($L$23,$L$5*$G$6*COS($L$9),""),"") -> 21.706022 | E25: Vay | F25: =IFERROR(IF($L$23,$L$5*$G$6*COS($L$9),""),"") -> 21.706022 | K25: θ2 máximo que conecta (°) | L25: =IFERROR(DEGREES(ACOS(MIN(1,MAX(-1,(L5^2+L8^2-(L6+L7)^2)/(2*L5*L8))))),"") -> 101.53696
C26: Vb/a x | D26: =IFERROR(IF($L$23,-$L$6*D22*SIN(C11),""),"") -> 104.40601 | E26: Vb/a x | F26: =IFERROR(IF($L$23,-$L$6*F22*SIN(F11),""),"") -> -1.3675448
C27: Vb/a y | D27: =IFERROR(IF($L$23,$L$6*D22*COS(C11),""),"") -> -45.482656 | E27: Vb/a y | F27: =IFERROR(IF($L$23,$L$6*F22*COS(F11),""),"") -> -50.650039
C28: Vbx | D28: =IFERROR(IF($L$23,D24+D26,""),"") -> -18.69496 | E28: Vbx | F28: =IFERROR(IF($L$23,F24+F26,""),"") -> -124.46851
C29: Vby | D29: =IFERROR(IF($L$23,D25+D27,""),"") -> -23.776633 | E29: Vby | F29: =IFERROR(IF($L$23,F25+F27,""),"") -> -28.944017
C30: Vp/ax | D30: =IFERROR(IF($L$23,-$H$6*D22*SIN(C11+RADIANS($I$6)),""),"") -> 283.14713 | E30: Vp/ax | F30: =IFERROR(IF($L$23,-$H$6*F22*SIN(F11+RADIANS($I$6)),""),"") -> 223.39386
C31: Vp/ay | D31: =IFERROR(IF($L$23,$H$6*D22*COS(C11+RADIANS($I$6)),""),"") -> 427.1484 | E31: Vp/ay | F31: =IFERROR(IF($L$23,$H$6*F22*COS(F11+RADIANS($I$6)),""),"") -> -45.639251
C32: Vpx | D32: =IFERROR(IF($L$23,D24+D30,""),"") -> 160.04616 | E32: Vpx | F32: =IFERROR(IF($L$23,F24+F30,""),"") -> 100.29289
C33: Vpy | D33: =IFERROR(IF($L$23,D25+D31,""),"") -> 448.85442 | E33: Vpy | F33: =IFERROR(IF($L$23,F25+F31,""),"") -> -23.933229
B35: Longitudes en cm, ángulos en grados y ω2 en rad/s. En Velocidades: ω3 y ω4 en rad/s; todas las V en cm/s.
B37: Comprobación: ¿se pueden conectar los eslabones?
B38: Distancia de A a O4 = √(a² + d² − 2·a·d·cos θ2) | F38: =IF(COUNT($B$6:$I$6)<8,"",SQRT($L$5^2+$L$8^2-2*$L$5*$L$8*COS($L$9))) -> 5.8355868 | G38: cm
B39: Mínimo para conectar = |b − c| | F39: =IF(COUNT($B$6:$I$6)<8,"",ABS($L$6-$L$7)) -> 3 | G39: cm
B40: Máximo para conectar = b + c | F40: =IF(COUNT($B$6:$I$6)<8,"",$L$6+$L$7) -> 7 | G40: cm
B41: Valores de θ2 con los que sí se conectan | F41: =IF(COUNT($B$6:$I$6)<8,"",IF(OR((($L$5^2+$L$8^2-($L$6-$L$7)^2)/(2*$L$5*$L$8))<-1,(($L$5^2+$L$8^2-($L$6+$L$7)^2)/(2*$L$5*$L$8))>1),"ninguno (con estas longitudes nunca se conectan)",IF(AND($L$24=0,$L$25=180),"cualquiera (el eslabón 2 da la vuelta completa)","de "&FIXED($L$24,2,TRUE())&"° a "&FIXED($L$25,2,TRUE())&"° y de "&FIXED(360-$L$25,2,TRUE())&"° a "&FIXED(360-$L$24,2,TRUE())&"°"))) -> de 36.87° a 101.54° y de 258.46° a 323.13°
B42: =IF(COUNT($B$6:$I$6)<8,"",IF($L$23,"R/ Sí se pueden conectar: A–O4 = "&FIXED(F38,3,TRUE())&" cm está entre "&FIXED(F39,3,TRUE())&" y "&FIXED(F40,3,TRUE())&" cm.","R/Para este ángulo de entrada los eslabones no se pueden conectar.")) -> R/ Sí se pueden conectar: A–O4 = 5.836 cm está entre 3.000 y 7.000 cm.

Sheet Calculadora
A1: CALCULADORA DE MECANISMOS DE CUATRO BARRAS
A2: Solucion cerrada (Freudenstein) - Posicion, Velocidad, Aceleracion y Grashof. Todo se recalcula al cambiar los datos.
A4: 1. DATOS DE ENTRADA - edita SOLO las celdas amarillas (columna C)
A5: Parametro | B5: Simbolo | C5: Valor | D5: Unidad | F5: Descripcion
A6: Longitud eslabon 2 (manivela) | B6: a | C6: 2 | D6: mm | F6: Entrada motriz O2-A
A7: Longitud eslabon 3 (acoplador) | B7: b | C7: 7 | D7: mm | F7: Barra A-B
A8: Longitud eslabon 4 (balancin) | B8: c | C8: 9 | D8: mm | F8: Barra B-O4
A9: Longitud eslabon 1 (bancada) | B9: d | C9: 6 | D9: mm | F9: Distancia fija O2-O4
A10: Angulo de entrada | B10: θ2 | C10: 30 | D10: grados | F10: Posicion angular del eslabon 2
A11: Velocidad angular de entrada | B11: ω2 | C11: 10 | D11: rad/s | F11: Positiva = antihorario
A12: Aceleracion angular de entrada | B12: α2 | C12: 0 | D12: rad/s2 | F12: 0 si la manivela gira a velocidad constante
A13: Distancia A-P | B13: RPA | C13: 6 | D13: mm | F13: Punto arbitrario P sobre el acoplador
A14: Angulo del punto P | B14: φ | C14: 30 | D14: grados | F14: Medido desde la linea A-B
A16: 2. CONSTANTES DE FREUDENSTEIN (automatico)
A17: Constante | B17: Simbolo | C17: Valor | F17: Expresion
A18: Relacion bancada / manivela | B18: K1 | C18: =$C$9/$C$6 -> 3 | F18: K1 = d / a
A19: Relacion bancada / balancin | B19: K2 | C19: =$C$9/$C$8 -> 0.66666667 | F19: K2 = d / c
A20: Termino cuadratico 1 | B20: K3 | C20: =($C$6^2-$C$7^2+$C$8^2+$C$9^2)/(2*$C$6*$C$8) -> 2 | F20: K3 = (a2 - b2 + c2 + d2) / (2ac)
A21: Relacion bancada / acoplador | B21: K4 | C21: =$C$9/$C$7 -> 0.85714286 | F21: K4 = d / b
A22: Termino cuadratico 2 | B22: K5 | C22: =($C$8^2-$C$9^2-$C$6^2-$C$7^2)/(2*$C$6*$C$7) -> -0.28571429 | F22: K5 = (c2 - d2 - a2 - b2) / (2ab)
A24: 3. COEFICIENTES DE LA ECUACION CUADRATICA (automatico)
A25: Coeficiente | B25: Simbolo | C25: Valor | F25: Expresion
A26: Coeficiente A (para theta4) | B26: A | C26: =COS(RADIANS($C$10))-$C$18-$C$19*COS(RADIANS($C$10))+$C$20 -> -0.71132487 | F26: A = cos02 - K1 - K2*cos02 + K3
A27: Coeficiente B (para theta4) | B27: B | C27: =-2*SIN(RADIANS($C$10)) -> -1 | F27: B = -2*sin02
A28: Coeficiente C (para theta4) | B28: C | C28: =$C$18-($C$19+1)*COS(RADIANS($C$10))+$C$20 -> 3.5566243 | F28: C = K1 - (K2+1)*cos02 + K3
A29: Coeficiente D (para theta3) | B29: D | C29: =COS(RADIANS($C$10))-$C$18+$C$21*COS(RADIANS($C$10))+$C$22 -> -1.6773814 | F29: D = cos02 - K1 + K4*cos02 + K5
A30: Coeficiente E (para theta3) | B30: E | C30: =-2*SIN(RADIANS($C$10)) -> -1 | F30: E = -2*sin02
A31: Coeficiente F (para theta3) | B31: F | C31: =$C$18+($C$21-1)*COS(RADIANS($C$10))+$C$22 -> 2.5905678 | F31: F = K1 + (K4-1)*cos02 + K5
A32: Discriminante de theta4 | B32: B2-4AC | C32: =$C$27^2-4*$C$26*$C$28 -> 11.119661 | F32: Debe ser >= 0 para que el mecanismo ensamble
A33: Discriminante de theta3 | B33: E2-4DF | C33: =$C$30^2-4*$C$29*$C$31 -> 18.381481 | F33: Debe ser >= 0 para que el mecanismo ensamble
A34: Verificacion de ensamble | C34: =IF(AND($C$32>=0,$C$33>=0),"ENSAMBLA - el mecanismo existe en esta posicion","NO ENSAMBLA - revisa las longitudes o el angulo de entrada") -> ENSAMBLA - el mecanismo existe en esta posicion
A36: 4. ANALISIS DE POSICION (automatico)
A37: Variable | B37: Simbolo | C37: Solucion ABIERTA | D37: Solucion CRUZADA | E37: Unidad | F37: Notas
A38: Angulo del acoplador | B38: θ3 | C38: =IFERROR(MOD(DEGREES(2*ATAN((-$C$30-SQRT($C$33))/(2*$C$29))),360),"") -> 88.837241 | D38: =IFERROR(MOD(DEGREES(2*ATAN((-$C$30+SQRT($C$33))/(2*$C$29))),360),"") -> 244.78919 | E38: grados
A39: Angulo del balancin | B39: θ4 | C39: =IFERROR(MOD(DEGREES(2*ATAN((-$C$27-SQRT($C$32))/(2*$C$26))),360),"") -> 117.28607 | D39: =IFERROR(MOD(DEGREES(2*ATAN((-$C$27+SQRT($C$32))/(2*$C$26))),360),"") -> 216.34036 | E39: grados
A40: Punto A - coordenada X | B40: Ax | C40: =$C$6*COS(RADIANS($C$10)) -> 1.7320508 | D40: =$C$6*COS(RADIANS($C$10)) -> 1.7320508 | E40: mm
A41: Punto A - coordenada Y | B41: Ay | C41: =$C$6*SIN(RADIANS($C$10)) -> 1 | D41: =$C$6*SIN(RADIANS($C$10)) -> 1 | E41: mm
A42: Punto B - coordenada X | B42: Bx | C42: =IFERROR($C$9+$C$8*COS(RADIANS(C39)),"") -> 1.8740988 | D42: =IFERROR($C$9+$C$8*COS(RADIANS(D39)),"") -> -1.2495994 | E42: mm
A43: Punto B - coordenada Y | B43: By | C43: =IFERROR($C$8*SIN(RADIANS(C39)),"") -> 7.9985586 | D43: =IFERROR($C$8*SIN(RADIANS(D39)),"") -> -5.3332268 | E43: mm
A44: Punto P - coordenada X | B44: Px | C44: =IFERROR(C40+$C$13*COS(RADIANS(C38+$C$14)),"") -> -1.1618881 | D44: =IFERROR(D40+$C$13*COS(RADIANS(D38+$C$14)),"") -> 2.2329896 | E44: mm
A45: Punto P - coordenada Y | B45: Py | C45: =IFERROR(C41+$C$13*SIN(RADIANS(C38+$C$14)),"") -> 6.2559602 | D45: =IFERROR(D41+$C$13*SIN(RADIANS(D38+$C$14)),"") -> -4.9790518 | E45: mm
A46: Angulo de transmision | B46: μ | C46: =IFERROR(IF(MOD(C39-C38,180)>90,180-MOD(C39-C38,180),MOD(C39-C38,180)),"") -> 28.448827 | D46: =IFERROR(IF(MOD(D39-D38,180)>90,180-MOD(D39-D38,180),MOD(D39-D38,180)),"") -> 28.448827 | E46: grados | F46: Ideal 90 grados. Menor a 40 grados = mala transmision de fuerza.
A48: 5. ANALISIS DE VELOCIDAD (automatico)
A49: Variable | B49: Simbolo | C49: Solucion ABIERTA | D49: Solucion CRUZADA | E49: Unidad | F49: Notas
A50: Velocidad angular eslabon 2 | B50: ω2 | C50: =$C$11 -> 10 | D50: =$C$11 -> 10 | E50: rad/s
A51: Velocidad angular eslabon 3 | B51: ω3 | C51: =IFERROR($C$6*$C$11*SIN(RADIANS(C39-$C$10))/($C$7*SIN(RADIANS(C38-C39))),"") -> -5.9909657 | D51: =IFERROR($C$6*$C$11*SIN(RADIANS(D39-$C$10))/($C$7*SIN(RADIANS(D38-D39))),"") -> -0.662352 | E51: rad/s
A52: Velocidad angular eslabon 4 | B52: ω4 | C52: =IFERROR($C$6*$C$11*SIN(RADIANS($C$10-C38))/($C$8*SIN(RADIANS(C39-C38))),"") -> -3.9917348 | D52: =IFERROR($C$6*$C$11*SIN(RADIANS($C$10-D38))/($C$8*SIN(RADIANS(D39-D38))),"") -> -2.6615829 | E52: rad/s
A53: Velocidad de A - componente X | B53: VAx | C53: =-$C$6*$C$11*SIN(RADIANS($C$10)) -> -10 | D53: =-$C$6*$C$11*SIN(RADIANS($C$10)) -> -10 | E53: mm/s
A54: Velocidad de A - componente Y | B54: VAy | C54: =$C$6*$C$11*COS(RADIANS($C$10)) -> 17.320508 | D54: =$C$6*$C$11*COS(RADIANS($C$10)) -> 17.320508 | E54: mm/s
A55: Velocidad de A - magnitud | B55: |VA| | C55: =IFERROR(SQRT(C53^2+C54^2),"") -> 20 | D55: =IFERROR(SQRT(D53^2+D54^2),"") -> 20 | E55: mm/s
A56: Velocidad de B - componente X | B56: VBx | C56: =IFERROR(-$C$8*C52*SIN(RADIANS(C39)),"") -> 31.928125 | D56: =IFERROR(-$C$8*D52*SIN(RADIANS(D39)),"") -> -14.194825 | E56: mm/s
A57: Velocidad de B - componente Y | B57: VBy | C57: =IFERROR($C$8*C52*COS(RADIANS(C39)),"") -> 16.469503 | D57: =IFERROR($C$8*D52*COS(RADIANS(D39)),"") -> 19.29541 | E57: mm/s
A58: Velocidad de B - magnitud | B58: |VB| | C58: =IFERROR(SQRT(C56^2+C57^2),"") -> 35.925613 | D58: =IFERROR(SQRT(D56^2+D57^2),"") -> 23.954246 | E58: mm/s
A59: Velocidad de P - componente X | B59: VPx | C59: =IFERROR(C53-$C$13*C51*SIN(RADIANS(C38+$C$14)),"") -> 21.488277 | D59: =IFERROR(D53-$C$13*D51*SIN(RADIANS(D38+$C$14)),"") -> -13.960237 | E59: mm/s
A60: Velocidad de P - componente Y | B60: VPy | C60: =IFERROR(C54+$C$13*C51*COS(RADIANS(C38+$C$14)),"") -> 34.657997 | D60: =IFERROR(D54+$C$13*D51*COS(RADIANS(D38+$C$14)),"") -> 16.98871 | E60: mm/s
A61: Velocidad de P - magnitud | B61: |VP| | C61: =IFERROR(SQRT(C59^2+C60^2),"") -> 40.778951 | D61: =IFERROR(SQRT(D59^2+D60^2),"") -> 21.988736 | E61: mm/s
A63: 6. ANALISIS DE ACELERACION (automatico)
A64: Variable | B64: Simbolo | C64: Solucion ABIERTA | D64: Solucion CRUZADA | E64: Unidad | F64: Notas
A65: Coeficiente auxiliar A' | B65: A' | C65: =IFERROR($C$8*SIN(RADIANS(C39)),"") -> 7.9985586 | D65: =IFERROR($C$8*SIN(RADIANS(D39)),"") -> -5.3332268
A66: Coeficiente auxiliar B' | B66: B' | C66: =IFERROR($C$7*SIN(RADIANS(C38)),"") -> 6.9985586 | D66: =IFERROR($C$7*SIN(RADIANS(D38)),"") -> -6.3332268
A67: Coeficiente auxiliar C' | B67: C' | C67: =IFERROR($C$6*$C$12*SIN(RADIANS($C$10))+$C$6*$C$11^2*COS(RADIANS($C$10))+$C$7*C51^2*COS(RADIANS(C38))-$C$8*C52^2*COS(RADIANS(C39)),"") -> 244.04531 | D67: =IFERROR($C$6*$C$12*SIN(RADIANS($C$10))+$C$6*$C$11^2*COS(RADIANS($C$10))+$C$7*D51^2*COS(RADIANS(D38))-$C$8*D52^2*COS(RADIANS(D39)),"") -> 223.25333
A68: Coeficiente auxiliar D' | B68: D' | C68: =IFERROR($C$8*COS(RADIANS(C39)),"") -> -4.1259012 | D68: =IFERROR($C$8*COS(RADIANS(D39)),"") -> -7.2495994
A69: Coeficiente auxiliar E' | B69: E' | C69: =IFERROR($C$7*COS(RADIANS(C38)),"") -> 0.14204802 | D69: =IFERROR($C$7*COS(RADIANS(D38)),"") -> -2.9816502
A70: Coeficiente auxiliar F' | B70: F' | C70: =IFERROR($C$6*$C$12*COS(RADIANS($C$10))-$C$6*$C$11^2*SIN(RADIANS($C$10))-$C$7*C51^2*SIN(RADIANS(C38))+$C$8*C52^2*SIN(RADIANS(C39)),"") -> -223.74135 | D70: =IFERROR($C$6*$C$12*COS(RADIANS($C$10))-$C$6*$C$11^2*SIN(RADIANS($C$10))-$C$7*D51^2*SIN(RADIANS(D38))+$C$8*D52^2*SIN(RADIANS(D39)),"") -> -135.00225
A71: Aceleracion angular eslabon 3 | B71: α3 | C71: =IFERROR((C67*C68-C65*C70)/(C65*C69-C66*C68),"") -> 26.080017 | D71: =IFERROR((D67*D68-D65*D70)/(D65*D69-D66*D68),"") -> 77.919855 | E71: rad/s2
A72: Aceleracion angular eslabon 4 | B72: α4 | C72: =IFERROR((C67*C69-C66*C70)/(C65*C69-C66*C68),"") -> 53.330588 | D72: =IFERROR((D67*D69-D66*D70)/(D65*D69-D66*D68),"") -> 50.669283 | E72: rad/s2
A73: Aceleracion de A - componente X | B73: AAx | C73: =-$C$6*$C$11^2*COS(RADIANS($C$10))-$C$6*$C$12*SIN(RADIANS($C$10)) -> -173.20508 | D73: =-$C$6*$C$11^2*COS(RADIANS($C$10))-$C$6*$C$12*SIN(RADIANS($C$10)) -> -173.20508 | E73: mm/s2
A74: Aceleracion de A - componente Y | B74: AAy | C74: =-$C$6*$C$11^2*SIN(RADIANS($C$10))+$C$6*$C$12*COS(RADIANS($C$10)) -> -100 | D74: =-$C$6*$C$11^2*SIN(RADIANS($C$10))+$C$6*$C$12*COS(RADIANS($C$10)) -> -100 | E74: mm/s2
A75: Aceleracion de A - magnitud | B75: |AA| | C75: =IFERROR(SQRT(C73^2+C74^2),"") -> 200 | D75: =IFERROR(SQRT(D73^2+D74^2),"") -> 200 | E75: mm/s2
A76: Aceleracion de B - componente X | B76: ABx | C76: =IFERROR(-$C$8*C52^2*COS(RADIANS(C39))-$C$8*C72*SIN(RADIANS(C39)),"") -> -360.82595 | D76: =IFERROR(-$C$8*D52^2*COS(RADIANS(D39))-$C$8*D72*SIN(RADIANS(D39)),"") -> 321.58712 | E76: mm/s2
A77: Aceleracion de B - componente Y | B77: ABy | C77: =IFERROR(-$C$8*C52^2*SIN(RADIANS(C39))+$C$8*C72*COS(RADIANS(C39)),"") -> -347.48534 | D77: =IFERROR(-$C$8*D52^2*SIN(RADIANS(D39))+$C$8*D72*COS(RADIANS(D39)),"") -> -329.5513 | E77: mm/s2
A78: Aceleracion de B - magnitud | B78: |AB| | C78: =IFERROR(SQRT(C76^2+C77^2),"") -> 500.94054 | D78: =IFERROR(SQRT(D76^2+D77^2),"") -> 460.45883 | E78: mm/s2
A79: Aceleracion de P - componente X | B79: APx | C79: =IFERROR(C73-$C$13*C51^2*COS(RADIANS(C38+$C$14))-$C$13*C71*SIN(RADIANS(C38+$C$14)),"") -> -206.41231 | D79: =IFERROR(D73-$C$13*D51^2*COS(RADIANS(D38+$C$14))-$C$13*D71*SIN(RADIANS(D38+$C$14)),"") -> 292.462 | E79: mm/s2
A80: Aceleracion de P - componente Y | B80: APy | C80: =IFERROR(C74-$C$13*C51^2*SIN(RADIANS(C38+$C$14))+$C$13*C71*COS(RADIANS(C38+$C$14)),"") -> -364.11917 | D80: =IFERROR(D74-$C$13*D51^2*SIN(RADIANS(D38+$C$14))+$C$13*D71*COS(RADIANS(D38+$C$14)),"") -> -58.343852 | E80: mm/s2
A81: Aceleracion de P - magnitud | B81: |AP| | C81: =IFERROR(SQRT(C79^2+C80^2),"") -> 418.55562 | D81: =IFERROR(SQRT(D79^2+D80^2),"") -> 298.22479 | E81: mm/s2
A83: 7. CLASIFICACION DE GRASHOF (automatico)
A84: Parametro | B84: Simbolo | C84: Valor | F84: Notas
A85: Eslabon mas corto | B85: S | C85: =MIN($C$6:$C$9) -> 2 | E85: mm
A86: Eslabon mas largo | B86: L | C86: =MAX($C$6:$C$9) -> 9 | E86: mm
A87: Suma de los dos intermedios | B87: P+Q | C87: =SUM($C$6:$C$9)-C85-C86 -> 13 | E87: mm
A88: Suma corto + largo | B88: S+L | C88: =C85+C86 -> 11 | E88: mm
A89: Condicion de Grashof | C89: =IF(C88<C87,"S+L < P+Q -> SI CUMPLE GRASHOF (Clase I)",IF(C88=C87,"S+L = P+Q -> PUNTO DE CAMBIO (Clase III)","S+L > P+Q -> NO CUMPLE GRASHOF (Clase II)")) -> S+L < P+Q -> SI CUMPLE GRASHOF (Clase I)
A90: Tipo de mecanismo | C90: =IF(C88>C87,"Triple balancin - ningun eslabon da vuelta completa",IF(C88=C87,"Punto de cambio - los eslabones se alinean (posicion singular)",IF($C$9=C85,"Doble manivela (drag-link) - el eslabon mas corto es la bancada",IF($C$7=C85,"Doble balancin - el eslabon mas corto es el acoplador","Manivela-balancin - el eslabon mas corto da vuelta completa")))) -> Manivela-balancin - el eslabon mas corto da vuelta completa

Sheet Tabla
A1: RESOLUCION POR LOTES - UNA FILA POR MECANISMO
A2: Escribe los datos de cada mecanismo en las columnas AMARILLAS (B a J). Cada fila se resuelve sola. Hay 50 filas listas.
A3: DATOS DE ENTRADA (edita aqui) | K3: RESULTADOS - CONFIGURACION ABIERTA | U3: RESULTADOS - CONFIGURACION CRUZADA | AD3: GRASHOF | AG3: AUXILIARES (no editar)
A4: Fila | B4: a | C4: b | D4: c | E4: d | F4: theta2 | G4: omega2 | H4: alpha2 | I4: RPA | J4: phi | K4: theta3 | L4: theta4 | M4: mu | N4: omega3 | O4: omega4 | P4: |VA| | Q4: |VB| | R4: |VP| | S4: alpha3 | T4: alpha4 | U4: theta3 | V4: theta4 | W4: mu | X4: omega3 | Y4: omega4 | Z4: |VB| | AA4: |VP| | AB4: alpha3 | AC4: alpha4 | AD4: Condicion | AE4: Tipo de mecanismo | AG4: K1 | AH4: K2 | AI4: K3 | AJ4: K4 | AK4: K5 | AL4: A | AM4: B | AN4: C | AO4: D | AP4: E | AQ4: F | AR4: disc4 | AS4: disc3 | AT4: Cp_ab | AU4: Fp_ab | AV4: Cp_cr | AW4: Fp_cr
A5: 1 | B5: 2 | C5: 7 | D5: 9 | E5: 6 | F5: 30 | G5: 10 | H5: 0 | I5: 6 | J5: 30 | K5: =IFERROR(MOD(DEGREES(2*ATAN((-$AP5-SQRT($AS5))/(2*$AO5))),360),"") -> 88.837241 | L5: =IFERROR(MOD(DEGREES(2*ATAN((-$AM5-SQRT($AR5))/(2*$AL5))),360),"") -> 117.28607 | M5: =IFERROR(IF(MOD($L5-$K5,180)>90,180-MOD($L5-$K5,180),MOD($L5-$K5,180)),"") -> 28.448827 | N5: =IFERROR($B5*$G5*SIN(RADIANS($L5-$F5))/($C5*SIN(RADIANS($K5-$L5))),"") -> -5.9909657 | O5: =IFERROR($B5*$G5*SIN(RADIANS($F5-$K5))/($D5*SIN(RADIANS($L5-$K5))),"") -> -3.9917348 | P5: =IFERROR(IF($B5="","",ABS($B5*$G5)),"") -> 20 | Q5: =IFERROR(ABS($D5*$O5),"") -> 35.925613 | R5: =IFERROR(SQRT((-$B5*$G5*SIN(RADIANS($F5))-$I5*$N5*SIN(RADIANS($K5+$J5)))^2+($B5*$G5*COS(RADIANS($F5))+$I5*$N5*COS(RADIANS($K5+$J5)))^2),"") -> 40.778951 | S5: =IFERROR(($AT5*COS(RADIANS($L5))-$AU5*SIN(RADIANS($L5)))/($C5*SIN(RADIANS($L5-$K5))),"") -> 26.080017 | T5: =IFERROR(($AT5*COS(RADIANS($K5))-$AU5*SIN(RADIANS($K5)))/($D5*SIN(RADIANS($L5-$K5))),"") -> 53.330588 | U5: =IFERROR(MOD(DEGREES(2*ATAN((-$AP5+SQRT($AS5))/(2*$AO5))),360),"") -> 244.78919 | V5: =IFERROR(MOD(DEGREES(2*ATAN((-$AM5+SQRT($AR5))/(2*$AL5))),360),"") -> 216.34036 | W5: =IFERROR(IF(MOD($V5-$U5,180)>90,180-MOD($V5-$U5,180),MOD($V5-$U5,180)),"") -> 28.448827 | X5: =IFERROR($B5*$G5*SIN(RADIANS($V5-$F5))/($C5*SIN(RADIANS($U5-$V5))),"") -> -0.662352 | Y5: =IFERROR($B5*$G5*SIN(RADIANS($F5-$U5))/($D5*SIN(RADIANS($V5-$U5))),"") -> -2.6615829 | Z5: =IFERROR(ABS($D5*$Y5),"") -> 23.954246 | AA5: =IFERROR(SQRT((-$B5*$G5*SIN(RADIANS($F5))-$I5*$X5*SIN(RADIANS($U5+$J5)))^2+($B5*$G5*COS(RADIANS($F5))+$I5*$X5*COS(RADIANS($U5+$J5)))^2),"") -> 21.988736 | AB5: =IFERROR(($AV5*COS(RADIANS($V5))-$AW5*SIN(RADIANS($V5)))/($C5*SIN(RADIANS($V5-$U5))),"") -> 77.919855 | AC5: =IFERROR(($AV5*COS(RADIANS($U5))-$AW5*SIN(RADIANS($U5)))/($D5*SIN(RADIANS($V5-$U5))),"") -> 50.669283 | AD5: =IF(COUNT($B5:$E5)<4,"",IF(MIN($B5:$E5)+MAX($B5:$E5)<SUM($B5:$E5)-MIN($B5:$E5)-MAX($B5:$E5),"Grashof",IF(MIN($B5:$E5)+MAX($B5:$E5)=SUM($B5:$E5)-MIN($B5:$E5)-MAX($B5:$E5),"Punto de cambio","No Grashof"))) -> Grashof | AE5: =IF(COUNT($B5:$E5)<4,"",IF(MIN($B5:$E5)+MAX($B5:$E5)>SUM($B5:$E5)-MIN($B5:$E5)-MAX($B5:$E5),"Triple balancin",IF(MIN($B5:$E5)+MAX($B5:$E5)=SUM($B5:$E5)-MIN($B5:$E5)-MAX($B5:$E5),"Punto de cambio",IF($E5=MIN($B5:$E5),"Doble manivela",IF($C5=MIN($B5:$E5),"Doble balancin","Manivela-balancin"))))) -> Manivela-balancin | AG5: =IFERROR($E5/$B5,"") -> 3 | AH5: =IFERROR($E5/$D5,"") -> 0.66666667 | AI5: =IFERROR(($B5^2-$C5^2+$D5^2+$E5^2)/(2*$B5*$D5),"") -> 2 | AJ5: =IFERROR($E5/$C5,"") -> 0.85714286 | AK5: =IFERROR(($D5^2-$E5^2-$B5^2-$C5^2)/(2*$B5*$C5),"") -> -0.28571429 | AL5: =IFERROR(COS(RADIANS($F5))-$AG5-$AH5*COS(RADIANS($F5))+$AI5,"") -> -0.71132487 | AM5: =IFERROR(IF($B5="","",-2*SIN(RADIANS($F5))),"") -> -1 | AN5: =IFERROR($AG5-($AH5+1)*COS(RADIANS($F5))+$AI5,"") -> 3.5566243 | AO5: =IFERROR(COS(RADIANS($F5))-$AG5+$AJ5*COS(RADIANS($F5))+$AK5,"") -> -1.6773814 | AP5: =IFERROR(IF($B5="","",-2*SIN(RADIANS($F5))),"") -> -1 | AQ5: =IFERROR($AG5+($AJ5-1)*COS(RADIANS($F5))+$AK5,"") -> 2.5905678 | AR5: =IFERROR($AM5^2-4*$AL5*$AN5,"") -> 11.119661 | AS5: =IFERROR($AP5^2-4*$AO5*$AQ5,"") -> 18.381481 | AT5: =IFERROR($B5*$H5*SIN(RADIANS($F5))+$B5*$G5^2*COS(RADIANS($F5))+$C5*$N5^2*COS(RADIANS($K5))-$D5*$O5^2*COS(RADIANS($L5)),"") -> 244.04531 | AU5: =IFERROR($B5*$H5*COS(RADIANS($F5))-$B5*$G5^2*SIN(RADIANS($F5))-$C5*$N5^2*SIN(RADIANS($K5))+$D5*$O5^2*SIN(RADIANS($L5)),"") -> -223.74135 | AV5: =IFERROR($B5*$H5*SIN(RADIANS($F5))+$B5*$G5^2*COS(RADIANS($F5))+$C5*$X5^2*COS(RADIANS($U5))-$D5*$Y5^2*COS(RADIANS($V5)),"") -> 223.25333 | AW5: =IFERROR($B5*$H5*COS(RADIANS($F5))-$B5*$G5^2*SIN(RADIANS($F5))-$C5*$X5^2*SIN(RADIANS($U5))+$D5*$Y5^2*SIN(RADIANS($V5)),"") -> -135.00225
A6: 2 | K6: =IFERROR(MOD(DEGREES(2*ATAN((-$AP6-SQRT($AS6))/(2*$AO6))),360),"") | L6: =IFERROR(MOD(DEGREES(2*ATAN((-$AM6-SQRT($AR6))/(2*$AL6))),360),"") | M6: =IFERROR(IF(MOD($L6-$K6,180)>90,180-MOD($L6-$K6,180),MOD($L6-$K6,180)),"") | N6: =IFERROR($B6*$G6*SIN(RADIANS($L6-$F6))/($C6*SIN(RADIANS($K6-$L6))),"") | O6: =IFERROR($B6*$G6*SIN(RADIANS($F6-$K6))/($D6*SIN(RADIANS($L6-$K6))),"") | P6: =IFERROR(IF($B6="","",ABS($B6*$G6)),"") | Q6: =IFERROR(ABS($D6*$O6),"") | R6: =IFERROR(SQRT((-$B6*$G6*SIN(RADIANS($F6))-$I6*$N6*SIN(RADIANS($K6+$J6)))^2+($B6*$G6*COS(RADIANS($F6))+$I6*$N6*COS(RADIANS($K6+$J6)))^2),"") | S6: =IFERROR(($AT6*COS(RADIANS($L6))-$AU6*SIN(RADIANS($L6)))/($C6*SIN(RADIANS($L6-$K6))),"") | T6: =IFERROR(($AT6*COS(RADIANS($K6))-$AU6*SIN(RADIANS($K6)))/($D6*SIN(RADIANS($L6-$K6))),"") | U6: =IFERROR(MOD(DEGREES(2*ATAN((-$AP6+SQRT($AS6))/(2*$AO6))),360),"") | V6: =IFERROR(MOD(DEGREES(2*ATAN((-$AM6+SQRT($AR6))/(2*$AL6))),360),"") | W6: =IFERROR(IF(MOD($V6-$U6,180)>90,180-MOD($V6-$U6,180),MOD($V6-$U6,180)),"") | X6: =IFERROR($B6*$G6*SIN(RADIANS($V6-$F6))/($C6*SIN(RADIANS($U6-$V6))),"") | Y6: =IFERROR($B6*$G6*SIN(RADIANS($F6-$U6))/($D6*SIN(RADIANS($V6-$U6))),"") | Z6: =IFERROR(ABS($D6*$Y6),"") | AA6: =IFERROR(SQRT((-$B6*$G6*SIN(RADIANS($F6))-$I6*$X6*SIN(RADIANS($U6+$J6)))^2+($B6*$G6*COS(RADIANS($F6))+$I6*$X6*COS(RADIANS($U6+$J6)))^2),"") | AB6: =IFERROR(($AV6*COS(RADIANS($V6))-$AW6*SIN(RADIANS($V6)))/($C6*SIN(RADIANS($V6-$U6))),"") | AC6: =IFERROR(($AV6*COS(RADIANS($U6))-$AW6*SIN(RADIANS($U6)))/($D6*SIN(RADIANS($V6-$U6))),"") | AD6: =IF(COUNT($B6:$E6)<4,"",IF(MIN($B6:$E6)+MAX($B6:$E6)<SUM($B6:$E6)-MIN($B6:$E6)-MAX($B6:$E6),"Grashof",IF(MIN($B6:$E6)+MAX($B6:$E6)=SUM($B6:$E6)-MIN($B6:$E6)-MAX($B6:$E6),"Punto de cambio","No Grashof"))) | AE6: =IF(COUNT($B6:$E6)<4,"",IF(MIN($B6:$E6)+MAX($B6:$E6)>SUM($B6:$E6)-MIN($B6:$E6)-MAX($B6:$E6),"Triple balancin",IF(MIN($B6:$E6)+MAX($B6:$E6)=SUM($B6:$E6)-MIN($B6:$E6)-MAX($B6:$E6),"Punto de cambio",IF($E6=MIN($B6:$E6),"Doble manivela",IF($C6=MIN($B6:$E6),"Doble balancin","Manivela-balancin"))))) | AG6: =IFERROR($E6/$B6,"") | AH6: =IFERROR($E6/$D6,"") | AI6: =IFERROR(($B6^2-$C6^2+$D6^2+$E6^2)/(2*$B6*$D6),"") | AJ6: =IFERROR($E6/$C6,"") | AK6: =IFERROR(($D6^2-$E6^2-$B6^2-$C6^2)/(2*$B6*$C6),"") | AL6: =IFERROR(COS(RADIANS($F6))-$AG6-$AH6*COS(RADIANS($F6))+$AI6,"") | AM6: =IFERROR(IF($B6="","",-2*SIN(RADIANS($F6))),"") | AN6: =IFERROR($AG6-($AH6+1)*COS(RADIANS($F6))+$AI6,"") | AO6: =IFERROR(COS(RADIANS($F6))-$AG6+$AJ6*COS(RADIANS($F6))+$AK6,"") | AP6: =IFERROR(IF($B6="","",-2*SIN(RADIANS($F6))),"") | AQ6: =IFERROR($AG6+($AJ6-1)*COS(RADIANS($F6))+$AK6,"") | AR6: =IFERROR($AM6^2-4*$AL6*$AN6,"") | AS6: =IFERROR($AP6^2-4*$AO6*$AQ6,"") | AT6: =IFERROR($B6*$H6*SIN(RADIANS($F6))+$B6*$G6^2*COS(RADIANS($F6))+$C6*$N6^2*COS(RADIANS($K6))-$D6*$O6^2*COS(RADIANS($L6)),"") | AU6: =IFERROR($B6*$H6*COS(RADIANS($F6))-$B6*$G6^2*SIN(RADIANS($F6))-$C6*$N6^2*SIN(RADIANS($K6))+$D6*$O6^2*SIN(RADIANS($L6)),"") | AV6: =IFERROR($B6*$H6*SIN(RADIANS($F6))+$B6*$G6^2*COS(RADIANS($F6))+$C6*$X6^2*COS(RADIANS($U6))-$D6*$Y6^2*COS(RADIANS($V6)),"") | AW6: =IFERROR($B6*$H6*COS(RADIANS($F6))-$B6*$G6^2*SIN(RADIANS($F6))-$C6*$X6^2*SIN(RADIANS($U6))+$D6*$Y6^2*SIN(RADIANS($V6)),"")
A7: 3 | K7: =IFERROR(MOD(DEGREES(2*ATAN((-$AP7-SQRT($AS7))/(2*$AO7))),360),"") | L7: =IFERROR(MOD(DEGREES(2*ATAN((-$AM7-SQRT($AR7))/(2*$AL7))),360),"") | M7: =IFERROR(IF(MOD($L7-$K7,180)>90,180-MOD($L7-$K7,180),MOD($L7-$K7,180)),"") | N7: =IFERROR($B7*$G7*SIN(RADIANS($L7-$F7))/($C7*SIN(RADIANS($K7-$L7))),"") | O7: =IFERROR($B7*$G7*SIN(RADIANS($F7-$K7))/($D7*SIN(RADIANS($L7-$K7))),"") | P7: =IFERROR(IF($B7="","",ABS($B7*$G7)),"") | Q7: =IFERROR(ABS($D7*$O7),"") | R7: =IFERROR(SQRT((-$B7*$G7*SIN(RADIANS($F7))-$I7*$N7*SIN(RADIANS($K7+$J7)))^2+($B7*$G7*COS(RADIANS($F7))+$I7*$N7*COS(RADIANS($K7+$J7)))^2),"") | S7: =IFERROR(($AT7*COS(RADIANS($L7))-$AU7*SIN(RADIANS($L7)))/($C7*SIN(RADIANS($L7-$K7))),"") | T7: =IFERROR(($AT7*COS(RADIANS($K7))-$AU7*SIN(RADIANS($K7)))/($D7*SIN(RADIANS($L7-$K7))),"") | U7: =IFERROR(MOD(DEGREES(2*ATAN((-$AP7+SQRT($AS7))/(2*$AO7))),360),"") | V7: =IFERROR(MOD(DEGREES(2*ATAN((-$AM7+SQRT($AR7))/(2*$AL7))),360),"") | W7: =IFERROR(IF(MOD($V7-$U7,180)>90,180-MOD($V7-$U7,180),MOD($V7-$U7,180)),"") | X7: =IFERROR($B7*$G7*SIN(RADIANS($V7-$F7))/($C7*SIN(RADIANS($U7-$V7))),"") | Y7: =IFERROR($B7*$G7*SIN(RADIANS($F7-$U7))/($D7*SIN(RADIANS($V7-$U7))),"") | Z7: =IFERROR(ABS($D7*$Y7),"") | AA7: =IFERROR(SQRT((-$B7*$G7*SIN(RADIANS($F7))-$I7*$X7*SIN(RADIANS($U7+$J7)))^2+($B7*$G7*COS(RADIANS($F7))+$I7*$X7*COS(RADIANS($U7+$J7)))^2),"") | AB7: =IFERROR(($AV7*COS(RADIANS($V7))-$AW7*SIN(RADIANS($V7)))/($C7*SIN(RADIANS($V7-$U7))),"") | AC7: =IFERROR(($AV7*COS(RADIANS($U7))-$AW7*SIN(RADIANS($U7)))/($D7*SIN(RADIANS($V7-$U7))),"") | AD7: =IF(COUNT($B7:$E7)<4,"",IF(MIN($B7:$E7)+MAX($B7:$E7)<SUM($B7:$E7)-MIN($B7:$E7)-MAX($B7:$E7),"Grashof",IF(MIN($B7:$E7)+MAX($B7:$E7)=SUM($B7:$E7)-MIN($B7:$E7)-MAX($B7:$E7),"Punto de cambio","No Grashof"))) | AE7: =IF(COUNT($B7:$E7)<4,"",IF(MIN($B7:$E7)+MAX($B7:$E7)>SUM($B7:$E7)-MIN($B7:$E7)-MAX($B7:$E7),"Triple balancin",IF(MIN($B7:$E7)+MAX($B7:$E7)=SUM($B7:$E7)-MIN($B7:$E7)-MAX($B7:$E7),"Punto de cambio",IF($E7=MIN($B7:$E7),"Doble manivela",IF($C7=MIN($B7:$E7),"Doble balancin","Manivela-balancin"))))) | AG7: =IFERROR($E7/$B7,"") | AH7: =IFERROR($E7/$D7,"") | AI7: =IFERROR(($B7^2-$C7^2+$D7^2+$E7^2)/(2*$B7*$D7),"") | AJ7: =IFERROR($E7/$C7,"") | AK7: =IFERROR(($D7^2-$E7^2-$B7^2-$C7^2)/(2*$B7*$C7),"") | AL7: =IFERROR(COS(RADIANS($F7))-$AG7-$AH7*COS(RADIANS($F7))+$AI7,"") | AM7: =IFERROR(IF($B7="","",-2*SIN(RADIANS($F7))),"") | AN7: =IFERROR($AG7-($AH7+1)*COS(RADIANS($F7))+$AI7,"") | AO7: =IFERROR(COS(RADIANS($F7))-$AG7+$AJ7*COS(RADIANS($F7))+$AK7,"") | AP7: =IFERROR(IF($B7="","",-2*SIN(RADIANS($F7))),"") | AQ7: =IFERROR($AG7+($AJ7-1)*COS(RADIANS($F7))+$AK7,"") | AR7: =IFERROR($AM7^2-4*$AL7*$AN7,"") | AS7: =IFERROR($AP7^2-4*$AO7*$AQ7,"") | AT7: =IFERROR($B7*$H7*SIN(RADIANS($F7))+$B7*$G7^2*COS(RADIANS($F7))+$C7*$N7^2*COS(RADIANS($K7))-$D7*$O7^2*COS(RADIANS($L7)),"") | AU7: =IFERROR($B7*$H7*COS(RADIANS($F7))-$B7*$G7^2*SIN(RADIANS($F7))-$C7*$N7^2*SIN(RADIANS($K7))+$D7*$O7^2*SIN(RADIANS($L7)),"") | AV7: =IFERROR($B7*$H7*SIN(RADIANS($F7))+$B7*$G7^2*COS(RADIANS($F7))+$C7*$X7^2*COS(RADIANS($U7))-$D7*$Y7^2*COS(RADIANS($V7)),"") | AW7: =IFERROR($B7*$H7*COS(RADIANS($F7))-$B7*$G7^2*SIN(RADIANS($F7))-$C7*$X7^2*SIN(RADIANS($U7))+$D7*$Y7^2*SIN(RADIANS($V7)),"")
A8: 4 | K8: =IFERROR(MOD(DEGREES(2*ATAN((-$AP8-SQRT($AS8))/(2*$AO8))),360),"") | L8: =IFERROR(MOD(DEGREES(2*ATAN((-$AM8-SQRT($AR8))/(2*$AL8))),360),"") | M8: =IFERROR(IF(MOD($L8-$K8,180)>90,180-MOD($L8-$K8,180),MOD($L8-$K8,180)),"") | N8: =IFERROR($B8*$G8*SIN(RADIANS($L8-$F8))/($C8*SIN(RADIANS($K8-$L8))),"") | O8: =IFERROR($B8*$G8*SIN(RADIANS($F8-$K8))/($D8*SIN(RADIANS($L8-$K8))),"") | P8: =IFERROR(IF($B8="","",ABS($B8*$G8)),"") | Q8: =IFERROR(ABS($D8*$O8),"") | R8: =IFERROR(SQRT((-$B8*$G8*SIN(RADIANS($F8))-$I8*$N8*SIN(RADIANS($K8+$J8)))^2+($B8*$G8*COS(RADIANS($F8))+$I8*$N8*COS(RADIANS($K8+$J8)))^2),"") | S8: =IFERROR(($AT8*COS(RADIANS($L8))-$AU8*SIN(RADIANS($L8)))/($C8*SIN(RADIANS($L8-$K8))),"") | T8: =IFERROR(($AT8*COS(RADIANS($K8))-$AU8*SIN(RADIANS($K8)))/($D8*SIN(RADIANS($L8-$K8))),"") | U8: =IFERROR(MOD(DEGREES(2*ATAN((-$AP8+SQRT($AS8))/(2*$AO8))),360),"") | V8: =IFERROR(MOD(DEGREES(2*ATAN((-$AM8+SQRT($AR8))/(2*$AL8))),360),"") | W8: =IFERROR(IF(MOD($V8-$U8,180)>90,180-MOD($V8-$U8,180),MOD($V8-$U8,180)),"") | X8: =IFERROR($B8*$G8*SIN(RADIANS($V8-$F8))/($C8*SIN(RADIANS($U8-$V8))),"") | Y8: =IFERROR($B8*$G8*SIN(RADIANS($F8-$U8))/($D8*SIN(RADIANS($V8-$U8))),"") | Z8: =IFERROR(ABS($D8*$Y8),"") | AA8: =IFERROR(SQRT((-$B8*$G8*SIN(RADIANS($F8))-$I8*$X8*SIN(RADIANS($U8+$J8)))^2+($B8*$G8*COS(RADIANS($F8))+$I8*$X8*COS(RADIANS($U8+$J8)))^2),"") | AB8: =IFERROR(($AV8*COS(RADIANS($V8))-$AW8*SIN(RADIANS($V8)))/($C8*SIN(RADIANS($V8-$U8))),"") | AC8: =IFERROR(($AV8*COS(RADIANS($U8))-$AW8*SIN(RADIANS($U8)))/($D8*SIN(RADIANS($V8-$U8))),"") | AD8: =IF(COUNT($B8:$E8)<4,"",IF(MIN($B8:$E8)+MAX($B8:$E8)<SUM($B8:$E8)-MIN($B8:$E8)-MAX($B8:$E8),"Grashof",IF(MIN($B8:$E8)+MAX($B8:$E8)=SUM($B8:$E8)-MIN($B8:$E8)-MAX($B8:$E8),"Punto de cambio","No Grashof"))) | AE8: =IF(COUNT($B8:$E8)<4,"",IF(MIN($B8:$E8)+MAX($B8:$E8)>SUM($B8:$E8)-MIN($B8:$E8)-MAX($B8:$E8),"Triple balancin",IF(MIN($B8:$E8)+MAX($B8:$E8)=SUM($B8:$E8)-MIN($B8:$E8)-MAX($B8:$E8),"Punto de cambio",IF($E8=MIN($B8:$E8),"Doble manivela",IF($C8=MIN($B8:$E8),"Doble balancin","Manivela-balancin"))))) | AG8: =IFERROR($E8/$B8,"") | AH8: =IFERROR($E8/$D8,"") | AI8: =IFERROR(($B8^2-$C8^2+$D8^2+$E8^2)/(2*$B8*$D8),"") | AJ8: =IFERROR($E8/$C8,"") | AK8: =IFERROR(($D8^2-$E8^2-$B8^2-$C8^2)/(2*$B8*$C8),"") | AL8: =IFERROR(COS(RADIANS($F8))-$AG8-$AH8*COS(RADIANS($F8))+$AI8,"") | AM8: =IFERROR(IF($B8="","",-2*SIN(RADIANS($F8))),"") | AN8: =IFERROR($AG8-($AH8+1)*COS(RADIANS($F8))+$AI8,"") | AO8: =IFERROR(COS(RADIANS($F8))-$AG8+$AJ8*COS(RADIANS($F8))+$AK8,"") | AP8: =IFERROR(IF($B8="","",-2*SIN(RADIANS($F8))),"") | AQ8: =IFERROR($AG8+($AJ8-1)*COS(RADIANS($F8))+$AK8,"") | AR8: =IFERROR($AM8^2-4*$AL8*$AN8,"") | AS8: =IFERROR($AP8^2-4*$AO8*$AQ8,"") | AT8: =IFERROR($B8*$H8*SIN(RADIANS($F8))+$B8*$G8^2*COS(RADIANS($F8))+$C8*$N8^2*COS(RADIANS($K8))-$D8*$O8^2*COS(RADIANS($L8)),"") | AU8: =IFERROR($B8*$H8*COS(RADIANS($F8))-$B8*$G8^2*SIN(RADIANS($F8))-$C8*$N8^2*SIN(RADIANS($K8))+$D8*$O8^2*SIN(RADIANS($L8)),"") | AV8: =IFERROR($B8*$H8*SIN(RADIANS($F8))+$B8*$G8^2*COS(RADIANS($F8))+$C8*$X8^2*COS(RADIANS($U8))-$D8*$Y8^2*COS(RADIANS($V8)),"") | AW8: =IFERROR($B8*$H8*COS(RADIANS($F8))-$B8*$G8^2*SIN(RADIANS($F8))-$C8*$X8^2*SIN(RADIANS($U8))+$D8*$Y8^2*SIN(RADIANS($V8)),"")
A9: 5 | K9: =IFERROR(MOD(DEGREES(2*ATAN((-$AP9-SQRT($AS9))/(2*$AO9))),360),"") | L9: =IFERROR(MOD(DEGREES(2*ATAN((-$AM9-SQRT($AR9))/(2*$AL9))),360),"") | M9: =IFERROR(IF(MOD($L9-$K9,180)>90,180-MOD($L9-$K9,180),MOD($L9-$K9,180)),"") | N9: =IFERROR($B9*$G9*SIN(RADIANS($L9-$F9))/($C9*SIN(RADIANS($K9-$L9))),"") | O9: =IFERROR($B9*$G9*SIN(RADIANS($F9-$K9))/($D9*SIN(RADIANS($L9-$K9))),"") | P9: =IFERROR(IF($B9="","",ABS($B9*$G9)),"") | Q9: =IFERROR(ABS($D9*$O9),"") | R9: =IFERROR(SQRT((-$B9*$G9*SIN(RADIANS($F9))-$I9*$N9*SIN(RADIANS($K9+$J9)))^2+($B9*$G9*COS(RADIANS($F9))+$I9*$N9*COS(RADIANS($K9+$J9)))^2),"") | S9: =IFERROR(($AT9*COS(RADIANS($L9))-$AU9*SIN(RADIANS($L9)))/($C9*SIN(RADIANS($L9-$K9))),"") | T9: =IFERROR(($AT9*COS(RADIANS($K9))-$AU9*SIN(RADIANS($K9)))/($D9*SIN(RADIANS($L9-$K9))),"") | U9: =IFERROR(MOD(DEGREES(2*ATAN((-$AP9+SQRT($AS9))/(2*$AO9))),360),"") | V9: =IFERROR(MOD(DEGREES(2*ATAN((-$AM9+SQRT($AR9))/(2*$AL9))),360),"") | W9: =IFERROR(IF(MOD($V9-$U9,180)>90,180-MOD($V9-$U9,180),MOD($V9-$U9,180)),"") | X9: =IFERROR($B9*$G9*SIN(RADIANS($V9-$F9))/($C9*SIN(RADIANS($U9-$V9))),"") | Y9: =IFERROR($B9*$G9*SIN(RADIANS($F9-$U9))/($D9*SIN(RADIANS($V9-$U9))),"") | Z9: =IFERROR(ABS($D9*$Y9),"") | AA9: =IFERROR(SQRT((-$B9*$G9*SIN(RADIANS($F9))-$I9*$X9*SIN(RADIANS($U9+$J9)))^2+($B9*$G9*COS(RADIANS($F9))+$I9*$X9*COS(RADIANS($U9+$J9)))^2),"") | AB9: =IFERROR(($AV9*COS(RADIANS($V9))-$AW9*SIN(RADIANS($V9)))/($C9*SIN(RADIANS($V9-$U9))),"") | AC9: =IFERROR(($AV9*COS(RADIANS($U9))-$AW9*SIN(RADIANS($U9)))/($D9*SIN(RADIANS($V9-$U9))),"") | AD9: =IF(COUNT($B9:$E9)<4,"",IF(MIN($B9:$E9)+MAX($B9:$E9)<SUM($B9:$E9)-MIN($B9:$E9)-MAX($B9:$E9),"Grashof",IF(MIN($B9:$E9)+MAX($B9:$E9)=SUM($B9:$E9)-MIN($B9:$E9)-MAX($B9:$E9),"Punto de cambio","No Grashof"))) | AE9: =IF(COUNT($B9:$E9)<4,"",IF(MIN($B9:$E9)+MAX($B9:$E9)>SUM($B9:$E9)-MIN($B9:$E9)-MAX($B9:$E9),"Triple balancin",IF(MIN($B9:$E9)+MAX($B9:$E9)=SUM($B9:$E9)-MIN($B9:$E9)-MAX($B9:$E9),"Punto de cambio",IF($E9=MIN($B9:$E9),"Doble manivela",IF($C9=MIN($B9:$E9),"Doble balancin","Manivela-balancin"))))) | AG9: =IFERROR($E9/$B9,"") | AH9: =IFERROR($E9/$D9,"") | AI9: =IFERROR(($B9^2-$C9^2+$D9^2+$E9^2)/(2*$B9*$D9),"") | AJ9: =IFERROR($E9/$C9,"") | AK9: =IFERROR(($D9^2-$E9^2-$B9^2-$C9^2)/(2*$B9*$C9),"") | AL9: =IFERROR(COS(RADIANS($F9))-$AG9-$AH9*COS(RADIANS($F9))+$AI9,"") | AM9: =IFERROR(IF($B9="","",-2*SIN(RADIANS($F9))),"") | AN9: =IFERROR($AG9-($AH9+1)*COS(RADIANS($F9))+$AI9,"") | AO9: =IFERROR(COS(RADIANS($F9))-$AG9+$AJ9*COS(RADIANS($F9))+$AK9,"") | AP9: =IFERROR(IF($B9="","",-2*SIN(RADIANS($F9))),"") | AQ9: =IFERROR($AG9+($AJ9-1)*COS(RADIANS($F9))+$AK9,"") | AR9: =IFERROR($AM9^2-4*$AL9*$AN9,"") | AS9: =IFERROR($AP9^2-4*$AO9*$AQ9,"") | AT9: =IFERROR($B9*$H9*SIN(RADIANS($F9))+$B9*$G9^2*COS(RADIANS($F9))+$C9*$N9^2*COS(RADIANS($K9))-$D9*$O9^2*COS(RADIANS($L9)),"") | AU9: =IFERROR($B9*$H9*COS(RADIANS($F9))-$B9*$G9^2*SIN(RADIANS($F9))-$C9*$N9^2*SIN(RADIANS($K9))+$D9*$O9^2*SIN(RADIANS($L9)),"") | AV9: =IFERROR($B9*$H9*SIN(RADIANS($F9))+$B9*$G9^2*COS(RADIANS($F9))+$C9*$X9^2*COS(RADIANS($U9))-$D9*$Y9^2*COS(RADIANS($V9)),"") | AW9: =IFERROR($B9*$H9*COS(RADIANS($F9))-$B9*$G9^2*SIN(RADIANS($F9))-$C9*$X9^2*SIN(RADIANS($U9))+$D9*$Y9^2*SIN(RADIANS($V9)),"")
A10: 6 | K10: =IFERROR(MOD(DEGREES(2*ATAN((-$AP10-SQRT($AS10))/(2*$AO10))),360),"") | L10: =IFERROR(MOD(DEGREES(2*ATAN((-$AM10-SQRT($AR10))/(2*$AL10))),360),"") | M10: =IFERROR(IF(MOD($L10-$K10,180)>90,180-MOD($L10-$K10,180),MOD($L10-$K10,180)),"") | N10: =IFERROR($B10*$G10*SIN(RADIANS($L10-$F10))/($C10*SIN(RADIANS($K10-$L10))),"") | O10: =IFERROR($B10*$G10*SIN(RADIANS($F10-$K10))/($D10*SIN(RADIANS($L10-$K10))),"") | P10: =IFERROR(IF($B10="","",ABS($B10*$G10)),"") | Q10: =IFERROR(ABS($D10*$O10),"") | R10: =IFERROR(SQRT((-$B10*$G10*SIN(RADIANS($F10))-$I10*$N10*SIN(RADIANS($K10+$J10)))^2+($B10*$G10*COS(RADIANS($F10))+$I10*$N10*COS(RADIANS($K10+$J10)))^2),"") | S10: =IFERROR(($AT10*COS(RADIANS($L10))-$AU10*SIN(RADIANS($L10)))/($C10*SIN(RADIANS($L10-$K10))),"") | T10: =IFERROR(($AT10*COS(RADIANS($K10))-$AU10*SIN(RADIANS($K10)))/($D10*SIN(RADIANS($L10-$K10))),"") | U10: =IFERROR(MOD(DEGREES(2*ATAN((-$AP10+SQRT($AS10))/(2*$AO10))),360),"") | V10: =IFERROR(MOD(DEGREES(2*ATAN((-$AM10+SQRT($AR10))/(2*$AL10))),360),"") | W10: =IFERROR(IF(MOD($V10-$U10,180)>90,180-MOD($V10-$U10,180),MOD($V10-$U10,180)),"") | X10: =IFERROR($B10*$G10*SIN(RADIANS($V10-$F10))/($C10*SIN(RADIANS($U10-$V10))),"") | Y10: =IFERROR($B10*$G10*SIN(RADIANS($F10-$U10))/($D10*SIN(RADIANS($V10-$U10))),"") | Z10: =IFERROR(ABS($D10*$Y10),"") | AA10: =IFERROR(SQRT((-$B10*$G10*SIN(RADIANS($F10))-$I10*$X10*SIN(RADIANS($U10+$J10)))^2+($B10*$G10*COS(RADIANS($F10))+$I10*$X10*COS(RADIANS($U10+$J10)))^2),"") | AB10: =IFERROR(($AV10*COS(RADIANS($V10))-$AW10*SIN(RADIANS($V10)))/($C10*SIN(RADIANS($V10-$U10))),"") | AC10: =IFERROR(($AV10*COS(RADIANS($U10))-$AW10*SIN(RADIANS($U10)))/($D10*SIN(RADIANS($V10-$U10))),"") | AD10: =IF(COUNT($B10:$E10)<4,"",IF(MIN($B10:$E10)+MAX($B10:$E10)<SUM($B10:$E10)-MIN($B10:$E10)-MAX($B10:$E10),"Grashof",IF(MIN($B10:$E10)+MAX($B10:$E10)=SUM($B10:$E10)-MIN($B10:$E10)-MAX($B10:$E10),"Punto de cambio","No Grashof"))) | AE10: =IF(COUNT($B10:$E10)<4,"",IF(MIN($B10:$E10)+MAX($B10:$E10)>SUM($B10:$E10)-MIN($B10:$E10)-MAX($B10:$E10),"Triple balancin",IF(MIN($B10:$E10)+MAX($B10:$E10)=SUM($B10:$E10)-MIN($B10:$E10)-MAX($B10:$E10),"Punto de cambio",IF($E10=MIN($B10:$E10),"Doble manivela",IF($C10=MIN($B10:$E10),"Doble balancin","Manivela-balancin"))))) | AG10: =IFERROR($E10/$B10,"") | AH10: =IFERROR($E10/$D10,"") | AI10: =IFERROR(($B10^2-$C10^2+$D10^2+$E10^2)/(2*$B10*$D10),"") | AJ10: =IFERROR($E10/$C10,"") | AK10: =IFERROR(($D10^2-$E10^2-$B10^2-$C10^2)/(2*$B10*$C10),"") | AL10: =IFERROR(COS(RADIANS($F10))-$AG10-$AH10*COS(RADIANS($F10))+$AI10,"") | AM10: =IFERROR(IF($B10="","",-2*SIN(RADIANS($F10))),"") | AN10: =IFERROR($AG10-($AH10+1)*COS(RADIANS($F10))+$AI10,"") | AO10: =IFERROR(COS(RADIANS($F10))-$AG10+$AJ10*COS(RADIANS($F10))+$AK10,"") | AP10: =IFERROR(IF($B10="","",-2*SIN(RADIANS($F10))),"") | AQ10: =IFERROR($AG10+($AJ10-1)*COS(RADIANS($F10))+$AK10,"") | AR10: =IFERROR($AM10^2-4*$AL10*$AN10,"") | AS10: =IFERROR($AP10^2-4*$AO10*$AQ10,"") | AT10: =IFERROR($B10*$H10*SIN(RADIANS($F10))+$B10*$G10^2*COS(RADIANS($F10))+$C10*$N10^2*COS(RADIANS($K10))-$D10*$O10^2*COS(RADIANS($L10)),"") | AU10: =IFERROR($B10*$H10*COS(RADIANS($F10))-$B10*$G10^2*SIN(RADIANS($F10))-$C10*$N10^2*SIN(RADIANS($K10))+$D10*$O10^2*SIN(RADIANS($L10)),"") | AV10: =IFERROR($B10*$H10*SIN(RADIANS($F10))+$B10*$G10^2*COS(RADIANS($F10))+$C10*$X10^2*COS(RADIANS($U10))-$D10*$Y10^2*COS(RADIANS($V10)),"") | AW10: =IFERROR($B10*$H10*COS(RADIANS($F10))-$B10*$G10^2*SIN(RADIANS($F10))-$C10*$X10^2*SIN(RADIANS($U10))+$D10*$Y10^2*SIN(RADIANS($V10)),"")
A11: 7 | K11: =IFERROR(MOD(DEGREES(2*ATAN((-$AP11-SQRT($AS11))/(2*$AO11))),360),"") | L11: =IFERROR(MOD(DEGREES(2*ATAN((-$AM11-SQRT($AR11))/(2*$AL11))),360),"") | M11: =IFERROR(IF(MOD($L11-$K11,180)>90,180-MOD($L11-$K11,180),MOD($L11-$K11,180)),"") | N11: =IFERROR($B11*$G11*SIN(RADIANS($L11-$F11))/($C11*SIN(RADIANS($K11-$L11))),"") | O11: =IFERROR($B11*$G11*SIN(RADIANS($F11-$K11))/($D11*SIN(RADIANS($L11-$K11))),"") | P11: =IFERROR(IF($B11="","",ABS($B11*$G11)),"") | Q11: =IFERROR(ABS($D11*$O11),"") | R11: =IFERROR(SQRT((-$B11*$G11*SIN(RADIANS($F11))-$I11*$N11*SIN(RADIANS($K11+$J11)))^2+($B11*$G11*COS(RADIANS($F11))+$I11*$N11*COS(RADIANS($K11+$J11)))^2),"") | S11: =IFERROR(($AT11*COS(RADIANS($L11))-$AU11*SIN(RADIANS($L11)))/($C11*SIN(RADIANS($L11-$K11))),"") | T11: =IFERROR(($AT11*COS(RADIANS($K11))-$AU11*SIN(RADIANS($K11)))/($D11*SIN(RADIANS($L11-$K11))),"") | U11: =IFERROR(MOD(DEGREES(2*ATAN((-$AP11+SQRT($AS11))/(2*$AO11))),360),"") | V11: =IFERROR(MOD(DEGREES(2*ATAN((-$AM11+SQRT($AR11))/(2*$AL11))),360),"") | W11: =IFERROR(IF(MOD($V11-$U11,180)>90,180-MOD($V11-$U11,180),MOD($V11-$U11,180)),"") | X11: =IFERROR($B11*$G11*SIN(RADIANS($V11-$F11))/($C11*SIN(RADIANS($U11-$V11))),"") | Y11: =IFERROR($B11*$G11*SIN(RADIANS($F11-$U11))/($D11*SIN(RADIANS($V11-$U11))),"") | Z11: =IFERROR(ABS($D11*$Y11),"") | AA11: =IFERROR(SQRT((-$B11*$G11*SIN(RADIANS($F11))-$I11*$X11*SIN(RADIANS($U11+$J11)))^2+($B11*$G11*COS(RADIANS($F11))+$I11*$X11*COS(RADIANS($U11+$J11)))^2),"") | AB11: =IFERROR(($AV11*COS(RADIANS($V11))-$AW11*SIN(RADIANS($V11)))/($C11*SIN(RADIANS($V11-$U11))),"") | AC11: =IFERROR(($AV11*COS(RADIANS($U11))-$AW11*SIN(RADIANS($U11)))/($D11*SIN(RADIANS($V11-$U11))),"") | AD11: =IF(COUNT($B11:$E11)<4,"",IF(MIN($B11:$E11)+MAX($B11:$E11)<SUM($B11:$E11)-MIN($B11:$E11)-MAX($B11:$E11),"Grashof",IF(MIN($B11:$E11)+MAX($B11:$E11)=SUM($B11:$E11)-MIN($B11:$E11)-MAX($B11:$E11),"Punto de cambio","No Grashof"))) | AE11: =IF(COUNT($B11:$E11)<4,"",IF(MIN($B11:$E11)+MAX($B11:$E11)>SUM($B11:$E11)-MIN($B11:$E11)-MAX($B11:$E11),"Triple balancin",IF(MIN($B11:$E11)+MAX($B11:$E11)=SUM($B11:$E11)-MIN($B11:$E11)-MAX($B11:$E11),"Punto de cambio",IF($E11=MIN($B11:$E11),"Doble manivela",IF($C11=MIN($B11:$E11),"Doble balancin","Manivela-balancin"))))) | AG11: =IFERROR($E11/$B11,"") | AH11: =IFERROR($E11/$D11,"") | AI11: =IFERROR(($B11^2-$C11^2+$D11^2+$E11^2)/(2*$B11*$D11),"") | AJ11: =IFERROR($E11/$C11,"") | AK11: =IFERROR(($D11^2-$E11^2-$B11^2-$C11^2)/(2*$B11*$C11),"") | AL11: =IFERROR(COS(RADIANS($F11))-$AG11-$AH11*COS(RADIANS($F11))+$AI11,"") | AM11: =IFERROR(IF($B11="","",-2*SIN(RADIANS($F11))),"") | AN11: =IFERROR($AG11-($AH11+1)*COS(RADIANS($F11))+$AI11,"") | AO11: =IFERROR(COS(RADIANS($F11))-$AG11+$AJ11*COS(RADIANS($F11))+$AK11,"") | AP11: =IFERROR(IF($B11="","",-2*SIN(RADIANS($F11))),"") | AQ11: =IFERROR($AG11+($AJ11-1)*COS(RADIANS($F11))+$AK11,"") | AR11: =IFERROR($AM11^2-4*$AL11*$AN11,"") | AS11: =IFERROR($AP11^2-4*$AO11*$AQ11,"") | AT11: =IFERROR($B11*$H11*SIN(RADIANS($F11))+$B11*$G11^2*COS(RADIANS($F11))+$C11*$N11^2*COS(RADIANS($K11))-$D11*$O11^2*COS(RADIANS($L11)),"") | AU11: =IFERROR($B11*$H11*COS(RADIANS($F11))-$B11*$G11^2*SIN(RADIANS($F11))-$C11*$N11^2*SIN(RADIANS($K11))+$D11*$O11^2*SIN(RADIANS($L11)),"") | AV11: =IFERROR($B11*$H11*SIN(RADIANS($F11))+$B11*$G11^2*COS(RADIANS($F11))+$C11*$X11^2*COS(RADIANS($U11))-$D11*$Y11^2*COS(RADIANS($V11)),"") | AW11: =IFERROR($B11*$H11*COS(RADIANS($F11))-$B11*$G11^2*SIN(RADIANS($F11))-$C11*$X11^2*SIN(RADIANS($U11))+$D11*$Y11^2*SIN(RADIANS($V11)),"")
A12: 8 | K12: =IFERROR(MOD(DEGREES(2*ATAN((-$AP12-SQRT($AS12))/(2*$AO12))),360),"") | L12: =IFERROR(MOD(DEGREES(2*ATAN((-$AM12-SQRT($AR12))/(2*$AL12))),360),"") | M12: =IFERROR(IF(MOD($L12-$K12,180)>90,180-MOD($L12-$K12,180),MOD($L12-$K12,180)),"") | N12: =IFERROR($B12*$G12*SIN(RADIANS($L12-$F12))/($C12*SIN(RADIANS($K12-$L12))),"") | O12: =IFERROR($B12*$G12*SIN(RADIANS($F12-$K12))/($D12*SIN(RADIANS($L12-$K12))),"") | P12: =IFERROR(IF($B12="","",ABS($B12*$G12)),"") | Q12: =IFERROR(ABS($D12*$O12),"") | R12: =IFERROR(SQRT((-$B12*$G12*SIN(RADIANS($F12))-$I12*$N12*SIN(RADIANS($K12+$J12)))^2+($B12*$G12*COS(RADIANS($F12))+$I12*$N12*COS(RADIANS($K12+$J12)))^2),"") | S12: =IFERROR(($AT12*COS(RADIANS($L12))-$AU12*SIN(RADIANS($L12)))/($C12*SIN(RADIANS($L12-$K12))),"") | T12: =IFERROR(($AT12*COS(RADIANS($K12))-$AU12*SIN(RADIANS($K12)))/($D12*SIN(RADIANS($L12-$K12))),"") | U12: =IFERROR(MOD(DEGREES(2*ATAN((-$AP12+SQRT($AS12))/(2*$AO12))),360),"") | V12: =IFERROR(MOD(DEGREES(2*ATAN((-$AM12+SQRT($AR12))/(2*$AL12))),360),"") | W12: =IFERROR(IF(MOD($V12-$U12,180)>90,180-MOD($V12-$U12,180),MOD($V12-$U12,180)),"") | X12: =IFERROR($B12*$G12*SIN(RADIANS($V12-$F12))/($C12*SIN(RADIANS($U12-$V12))),"") | Y12: =IFERROR($B12*$G12*SIN(RADIANS($F12-$U12))/($D12*SIN(RADIANS($V12-$U12))),"") | Z12: =IFERROR(ABS($D12*$Y12),"") | AA12: =IFERROR(SQRT((-$B12*$G12*SIN(RADIANS($F12))-$I12*$X12*SIN(RADIANS($U12+$J12)))^2+($B12*$G12*COS(RADIANS($F12))+$I12*$X12*COS(RADIANS($U12+$J12)))^2),"") | AB12: =IFERROR(($AV12*COS(RADIANS($V12))-$AW12*SIN(RADIANS($V12)))/($C12*SIN(RADIANS($V12-$U12))),"") | AC12: =IFERROR(($AV12*COS(RADIANS($U12))-$AW12*SIN(RADIANS($U12)))/($D12*SIN(RADIANS($V12-$U12))),"") | AD12: =IF(COUNT($B12:$E12)<4,"",IF(MIN($B12:$E12)+MAX($B12:$E12)<SUM($B12:$E12)-MIN($B12:$E12)-MAX($B12:$E12),"Grashof",IF(MIN($B12:$E12)+MAX($B12:$E12)=SUM($B12:$E12)-MIN($B12:$E12)-MAX($B12:$E12),"Punto de cambio","No Grashof"))) | AE12: =IF(COUNT($B12:$E12)<4,"",IF(MIN($B12:$E12)+MAX($B12:$E12)>SUM($B12:$E12)-MIN($B12:$E12)-MAX($B12:$E12),"Triple balancin",IF(MIN($B12:$E12)+MAX($B12:$E12)=SUM($B12:$E12)-MIN($B12:$E12)-MAX($B12:$E12),"Punto de cambio",IF($E12=MIN($B12:$E12),"Doble manivela",IF($C12=MIN($B12:$E12),"Doble balancin","Manivela-balancin"))))) | AG12: =IFERROR($E12/$B12,"") | AH12: =IFERROR($E12/$D12,"") | AI12: =IFERROR(($B12^2-$C12^2+$D12^2+$E12^2)/(2*$B12*$D12),"") | AJ12: =IFERROR($E12/$C12,"") | AK12: =IFERROR(($D12^2-$E12^2-$B12^2-$C12^2)/(2*$B12*$C12),"") | AL12: =IFERROR(COS(RADIANS($F12))-$AG12-$AH12*COS(RADIANS($F12))+$AI12,"") | AM12: =IFERROR(IF($B12="","",-2*SIN(RADIANS($F12))),"") | AN12: =IFERROR($AG12-($AH12+1)*COS(RADIANS($F12))+$AI12,"") | AO12: =IFERROR(COS(RADIANS($F12))-$AG12+$AJ12*COS(RADIANS($F12))+$AK12,"") | AP12: =IFERROR(IF($B12="","",-2*SIN(RADIANS($F12))),"") | AQ12: =IFERROR($AG12+($AJ12-1)*COS(RADIANS($F12))+$AK12,"") | AR12: =IFERROR($AM12^2-4*$AL12*$AN12,"") | AS12: =IFERROR($AP12^2-4*$AO12*$AQ12,"") | AT12: =IFERROR($B12*$H12*SIN(RADIANS($F12))+$B12*$G12^2*COS(RADIANS($F12))+$C12*$N12^2*COS(RADIANS($K12))-$D12*$O12^2*COS(RADIANS($L12)),"") | AU12: =IFERROR($B12*$H12*COS(RADIANS($F12))-$B12*$G12^2*SIN(RADIANS($F12))-$C12*$N12^2*SIN(RADIANS($K12))+$D12*$O12^2*SIN(RADIANS($L12)),"") | AV12: =IFERROR($B12*$H12*SIN(RADIANS($F12))+$B12*$G12^2*COS(RADIANS($F12))+$C12*$X12^2*COS(RADIANS($U12))-$D12*$Y12^2*COS(RADIANS($V12)),"") | AW12: =IFERROR($B12*$H12*COS(RADIANS($F12))-$B12*$G12^2*SIN(RADIANS($F12))-$C12*$X12^2*SIN(RADIANS($U12))+$D12*$Y12^2*SIN(RADIANS($V12)),"")
A13: 9 | K13: =IFERROR(MOD(DEGREES(2*ATAN((-$AP13-SQRT($AS13))/(2*$AO13))),360),"") | L13: =IFERROR(MOD(DEGREES(2*ATAN((-$AM13-SQRT($AR13))/(2*$AL13))),360),"") | M13: =IFERROR(IF(MOD($L13-$K13,180)>90,180-MOD($L13-$K13,180),MOD($L13-$K13,180)),"") | N13: =IFERROR($B13*$G13*SIN(RADIANS($L13-$F13))/($C13*SIN(RADIANS($K13-$L13))),"") | O13: =IFERROR($B13*$G13*SIN(RADIANS($F13-$K13))/($D13*SIN(RADIANS($L13-$K13))),"") | P13: =IFERROR(IF($B13="","",ABS($B13*$G13)),"") | Q13: =IFERROR(ABS($D13*$O13),"") | R13: =IFERROR(SQRT((-$B13*$G13*SIN(RADIANS($F13))-$I13*$N13*SIN(RADIANS($K13+$J13)))^2+($B13*$G13*COS(RADIANS($F13))+$I13*$N13*COS(RADIANS($K13+$J13)))^2),"") | S13: =IFERROR(($AT13*COS(RADIANS($L13))-$AU13*SIN(RADIANS($L13)))/($C13*SIN(RADIANS($L13-$K13))),"") | T13: =IFERROR(($AT13*COS(RADIANS($K13))-$AU13*SIN(RADIANS($K13)))/($D13*SIN(RADIANS($L13-$K13))),"") | U13: =IFERROR(MOD(DEGREES(2*ATAN((-$AP13+SQRT($AS13))/(2*$AO13))),360),"") | V13: =IFERROR(MOD(DEGREES(2*ATAN((-$AM13+SQRT($AR13))/(2*$AL13))),360),"") | W13: =IFERROR(IF(MOD($V13-$U13,180)>90,180-MOD($V13-$U13,180),MOD($V13-$U13,180)),"") | X13: =IFERROR($B13*$G13*SIN(RADIANS($V13-$F13))/($C13*SIN(RADIANS($U13-$V13))),"") | Y13: =IFERROR($B13*$G13*SIN(RADIANS($F13-$U13))/($D13*SIN(RADIANS($V13-$U13))),"") | Z13: =IFERROR(ABS($D13*$Y13),"") | AA13: =IFERROR(SQRT((-$B13*$G13*SIN(RADIANS($F13))-$I13*$X13*SIN(RADIANS($U13+$J13)))^2+($B13*$G13*COS(RADIANS($F13))+$I13*$X13*COS(RADIANS($U13+$J13)))^2),"") | AB13: =IFERROR(($AV13*COS(RADIANS($V13))-$AW13*SIN(RADIANS($V13)))/($C13*SIN(RADIANS($V13-$U13))),"") | AC13: =IFERROR(($AV13*COS(RADIANS($U13))-$AW13*SIN(RADIANS($U13)))/($D13*SIN(RADIANS($V13-$U13))),"") | AD13: =IF(COUNT($B13:$E13)<4,"",IF(MIN($B13:$E13)+MAX($B13:$E13)<SUM($B13:$E13)-MIN($B13:$E13)-MAX($B13:$E13),"Grashof",IF(MIN($B13:$E13)+MAX($B13:$E13)=SUM($B13:$E13)-MIN($B13:$E13)-MAX($B13:$E13),"Punto de cambio","No Grashof"))) | AE13: =IF(COUNT($B13:$E13)<4,"",IF(MIN($B13:$E13)+MAX($B13:$E13)>SUM($B13:$E13)-MIN($B13:$E13)-MAX($B13:$E13),"Triple balancin",IF(MIN($B13:$E13)+MAX($B13:$E13)=SUM($B13:$E13)-MIN($B13:$E13)-MAX($B13:$E13),"Punto de cambio",IF($E13=MIN($B13:$E13),"Doble manivela",IF($C13=MIN($B13:$E13),"Doble balancin","Manivela-balancin"))))) | AG13: =IFERROR($E13/$B13,"") | AH13: =IFERROR($E13/$D13,"") | AI13: =IFERROR(($B13^2-$C13^2+$D13^2+$E13^2)/(2*$B13*$D13),"") | AJ13: =IFERROR($E13/$C13,"") | AK13: =IFERROR(($D13^2-$E13^2-$B13^2-$C13^2)/(2*$B13*$C13),"") | AL13: =IFERROR(COS(RADIANS($F13))-$AG13-$AH13*COS(RADIANS($F13))+$AI13,"") | AM13: =IFERROR(IF($B13="","",-2*SIN(RADIANS($F13))),"") | AN13: =IFERROR($AG13-($AH13+1)*COS(RADIANS($F13))+$AI13,"") | AO13: =IFERROR(COS(RADIANS($F13))-$AG13+$AJ13*COS(RADIANS($F13))+$AK13,"") | AP13: =IFERROR(IF($B13="","",-2*SIN(RADIANS($F13))),"") | AQ13: =IFERROR($AG13+($AJ13-1)*COS(RADIANS($F13))+$AK13,"") | AR13: =IFERROR($AM13^2-4*$AL13*$AN13,"") | AS13: =IFERROR($AP13^2-4*$AO13*$AQ13,"") | AT13: =IFERROR($B13*$H13*SIN(RADIANS($F13))+$B13*$G13^2*COS(RADIANS($F13))+$C13*$N13^2*COS(RADIANS($K13))-$D13*$O13^2*COS(RADIANS($L13)),"") | AU13: =IFERROR($B13*$H13*COS(RADIANS($F13))-$B13*$G13^2*SIN(RADIANS($F13))-$C13*$N13^2*SIN(RADIANS($K13))+$D13*$O13^2*SIN(RADIANS($L13)),"") | AV13: =IFERROR($B13*$H13*SIN(RADIANS($F13))+$B13*$G13^2*COS(RADIANS($F13))+$C13*$X13^2*COS(RADIANS($U13))-$D13*$Y13^2*COS(RADIANS($V13)),"") | AW13: =IFERROR($B13*$H13*COS(RADIANS($F13))-$B13*$G13^2*SIN(RADIANS($F13))-$C13*$X13^2*SIN(RADIANS($U13))+$D13*$Y13^2*SIN(RADIANS($V13)),"")
A14: 10 | K14: =IFERROR(MOD(DEGREES(2*ATAN((-$AP14-SQRT($AS14))/(2*$AO14))),360),"") | L14: =IFERROR(MOD(DEGREES(2*ATAN((-$AM14-SQRT($AR14))/(2*$AL14))),360),"") | M14: =IFERROR(IF(MOD($L14-$K14,180)>90,180-MOD($L14-$K14,180),MOD($L14-$K14,180)),"") | N14: =IFERROR($B14*$G14*SIN(RADIANS($L14-$F14))/($C14*SIN(RADIANS($K14-$L14))),"") | O14: =IFERROR($B14*$G14*SIN(RADIANS($F14-$K14))/($D14*SIN(RADIANS($L14-$K14))),"") | P14: =IFERROR(IF($B14="","",ABS($B14*$G14)),"") | Q14: =IFERROR(ABS($D14*$O14),"") | R14: =IFERROR(SQRT((-$B14*$G14*SIN(RADIANS($F14))-$I14*$N14*SIN(RADIANS($K14+$J14)))^2+($B14*$G14*COS(RADIANS($F14))+$I14*$N14*COS(RADIANS($K14+$J14)))^2),"") | S14: =IFERROR(($AT14*COS(RADIANS($L14))-$AU14*SIN(RADIANS($L14)))/($C14*SIN(RADIANS($L14-$K14))),"") | T14: =IFERROR(($AT14*COS(RADIANS($K14))-$AU14*SIN(RADIANS($K14)))/($D14*SIN(RADIANS($L14-$K14))),"") | U14: =IFERROR(MOD(DEGREES(2*ATAN((-$AP14+SQRT($AS14))/(2*$AO14))),360),"") | V14: =IFERROR(MOD(DEGREES(2*ATAN((-$AM14+SQRT($AR14))/(2*$AL14))),360),"") | W14: =IFERROR(IF(MOD($V14-$U14,180)>90,180-MOD($V14-$U14,180),MOD($V14-$U14,180)),"") | X14: =IFERROR($B14*$G14*SIN(RADIANS($V14-$F14))/($C14*SIN(RADIANS($U14-$V14))),"") | Y14: =IFERROR($B14*$G14*SIN(RADIANS($F14-$U14))/($D14*SIN(RADIANS($V14-$U14))),"") | Z14: =IFERROR(ABS($D14*$Y14),"") | AA14: =IFERROR(SQRT((-$B14*$G14*SIN(RADIANS($F14))-$I14*$X14*SIN(RADIANS($U14+$J14)))^2+($B14*$G14*COS(RADIANS($F14))+$I14*$X14*COS(RADIANS($U14+$J14)))^2),"") | AB14: =IFERROR(($AV14*COS(RADIANS($V14))-$AW14*SIN(RADIANS($V14)))/($C14*SIN(RADIANS($V14-$U14))),"") | AC14: =IFERROR(($AV14*COS(RADIANS($U14))-$AW14*SIN(RADIANS($U14)))/($D14*SIN(RADIANS($V14-$U14))),"") | AD14: =IF(COUNT($B14:$E14)<4,"",IF(MIN($B14:$E14)+MAX($B14:$E14)<SUM($B14:$E14)-MIN($B14:$E14)-MAX($B14:$E14),"Grashof",IF(MIN($B14:$E14)+MAX($B14:$E14)=SUM($B14:$E14)-MIN($B14:$E14)-MAX($B14:$E14),"Punto de cambio","No Grashof"))) | AE14: =IF(COUNT($B14:$E14)<4,"",IF(MIN($B14:$E14)+MAX($B14:$E14)>SUM($B14:$E14)-MIN($B14:$E14)-MAX($B14:$E14),"Triple balancin",IF(MIN($B14:$E14)+MAX($B14:$E14)=SUM($B14:$E14)-MIN($B14:$E14)-MAX($B14:$E14),"Punto de cambio",IF($E14=MIN($B14:$E14),"Doble manivela",IF($C14=MIN($B14:$E14),"Doble balancin","Manivela-balancin"))))) | AG14: =IFERROR($E14/$B14,"") | AH14: =IFERROR($E14/$D14,"") | AI14: =IFERROR(($B14^2-$C14^2+$D14^2+$E14^2)/(2*$B14*$D14),"") | AJ14: =IFERROR($E14/$C14,"") | AK14: =IFERROR(($D14^2-$E14^2-$B14^2-$C14^2)/(2*$B14*$C14),"") | AL14: =IFERROR(COS(RADIANS($F14))-$AG14-$AH14*COS(RADIANS($F14))+$AI14,"") | AM14: =IFERROR(IF($B14="","",-2*SIN(RADIANS($F14))),"") | AN14: =IFERROR($AG14-($AH14+1)*COS(RADIANS($F14))+$AI14,"") | AO14: =IFERROR(COS(RADIANS($F14))-$AG14+$AJ14*COS(RADIANS($F14))+$AK14,"") | AP14: =IFERROR(IF($B14="","",-2*SIN(RADIANS($F14))),"") | AQ14: =IFERROR($AG14+($AJ14-1)*COS(RADIANS($F14))+$AK14,"") | AR14: =IFERROR($AM14^2-4*$AL14*$AN14,"") | AS14: =IFERROR($AP14^2-4*$AO14*$AQ14,"") | AT14: =IFERROR($B14*$H14*SIN(RADIANS($F14))+$B14*$G14^2*COS(RADIANS($F14))+$C14*$N14^2*COS(RADIANS($K14))-$D14*$O14^2*COS(RADIANS($L14)),"") | AU14: =IFERROR($B14*$H14*COS(RADIANS($F14))-$B14*$G14^2*SIN(RADIANS($F14))-$C14*$N14^2*SIN(RADIANS($K14))+$D14*$O14^2*SIN(RADIANS($L14)),"") | AV14: =IFERROR($B14*$H14*SIN(RADIANS($F14))+$B14*$G14^2*COS(RADIANS($F14))+$C14*$X14^2*COS(RADIANS($U14))-$D14*$Y14^2*COS(RADIANS($V14)),"") | AW14: =IFERROR($B14*$H14*COS(RADIANS($F14))-$B14*$G14^2*SIN(RADIANS($F14))-$C14*$X14^2*SIN(RADIANS($U14))+$D14*$Y14^2*SIN(RADIANS($V14)),"")
A15: 11 | K15: =IFERROR(MOD(DEGREES(2*ATAN((-$AP15-SQRT($AS15))/(2*$AO15))),360),"") | L15: =IFERROR(MOD(DEGREES(2*ATAN((-$AM15-SQRT($AR15))/(2*$AL15))),360),"") | M15: =IFERROR(IF(MOD($L15-$K15,180)>90,180-MOD($L15-$K15,180),MOD($L15-$K15,180)),"") | N15: =IFERROR($B15*$G15*SIN(RADIANS($L15-$F15))/($C15*SIN(RADIANS($K15-$L15))),"") | O15: =IFERROR($B15*$G15*SIN(RADIANS($F15-$K15))/($D15*SIN(RADIANS($L15-$K15))),"") | P15: =IFERROR(IF($B15="","",ABS($B15*$G15)),"") | Q15: =IFERROR(ABS($D15*$O15),"") | R15: =IFERROR(SQRT((-$B15*$G15*SIN(RADIANS($F15))-$I15*$N15*SIN(RADIANS($K15+$J15)))^2+($B15*$G15*COS(RADIANS($F15))+$I15*$N15*COS(RADIANS($K15+$J15)))^2),"") | S15: =IFERROR(($AT15*COS(RADIANS($L15))-$AU15*SIN(RADIANS($L15)))/($C15*SIN(RADIANS($L15-$K15))),"") | T15: =IFERROR(($AT15*COS(RADIANS($K15))-$AU15*SIN(RADIANS($K15)))/($D15*SIN(RADIANS($L15-$K15))),"") | U15: =IFERROR(MOD(DEGREES(2*ATAN((-$AP15+SQRT($AS15))/(2*$AO15))),360),"") | V15: =IFERROR(MOD(DEGREES(2*ATAN((-$AM15+SQRT($AR15))/(2*$AL15))),360),"") | W15: =IFERROR(IF(MOD($V15-$U15,180)>90,180-MOD($V15-$U15,180),MOD($V15-$U15,180)),"") | X15: =IFERROR($B15*$G15*SIN(RADIANS($V15-$F15))/($C15*SIN(RADIANS($U15-$V15))),"") | Y15: =IFERROR($B15*$G15*SIN(RADIANS($F15-$U15))/($D15*SIN(RADIANS($V15-$U15))),"") | Z15: =IFERROR(ABS($D15*$Y15),"") | AA15: =IFERROR(SQRT((-$B15*$G15*SIN(RADIANS($F15))-$I15*$X15*SIN(RADIANS($U15+$J15)))^2+($B15*$G15*COS(RADIANS($F15))+$I15*$X15*COS(RADIANS($U15+$J15)))^2),"") | AB15: =IFERROR(($AV15*COS(RADIANS($V15))-$AW15*SIN(RADIANS($V15)))/($C15*SIN(RADIANS($V15-$U15))),"") | AC15: =IFERROR(($AV15*COS(RADIANS($U15))-$AW15*SIN(RADIANS($U15)))/($D15*SIN(RADIANS($V15-$U15))),"") | AD15: =IF(COUNT($B15:$E15)<4,"",IF(MIN($B15:$E15)+MAX($B15:$E15)<SUM($B15:$E15)-MIN($B15:$E15)-MAX($B15:$E15),"Grashof",IF(MIN($B15:$E15)+MAX($B15:$E15)=SUM($B15:$E15)-MIN($B15:$E15)-MAX($B15:$E15),"Punto de cambio","No Grashof"))) | AE15: =IF(COUNT($B15:$E15)<4,"",IF(MIN($B15:$E15)+MAX($B15:$E15)>SUM($B15:$E15)-MIN($B15:$E15)-MAX($B15:$E15),"Triple balancin",IF(MIN($B15:$E15)+MAX($B15:$E15)=SUM($B15:$E15)-MIN($B15:$E15)-MAX($B15:$E15),"Punto de cambio",IF($E15=MIN($B15:$E15),"Doble manivela",IF($C15=MIN($B15:$E15),"Doble balancin","Manivela-balancin"))))) | AG15: =IFERROR($E15/$B15,"") | AH15: =IFERROR($E15/$D15,"") | AI15: =IFERROR(($B15^2-$C15^2+$D15^2+$E15^2)/(2*$B15*$D15),"") | AJ15: =IFERROR($E15/$C15,"") | AK15: =IFERROR(($D15^2-$E15^2-$B15^2-$C15^2)/(2*$B15*$C15),"") | AL15: =IFERROR(COS(RADIANS($F15))-$AG15-$AH15*COS(RADIANS($F15))+$AI15,"") | AM15: =IFERROR(IF($B15="","",-2*SIN(RADIANS($F15))),"") | AN15: =IFERROR($AG15-($AH15+1)*COS(RADIANS($F15))+$AI15,"") | AO15: =IFERROR(COS(RADIANS($F15))-$AG15+$AJ15*COS(RADIANS($F15))+$AK15,"") | AP15: =IFERROR(IF($B15="","",-2*SIN(RADIANS($F15))),"") | AQ15: =IFERROR($AG15+($AJ15-1)*COS(RADIANS($F15))+$AK15,"") | AR15: =IFERROR($AM15^2-4*$AL15*$AN15,"") | AS15: =IFERROR($AP15^2-4*$AO15*$AQ15,"") | AT15: =IFERROR($B15*$H15*SIN(RADIANS($F15))+$B15*$G15^2*COS(RADIANS($F15))+$C15*$N15^2*COS(RADIANS($K15))-$D15*$O15^2*COS(RADIANS($L15)),"") | AU15: =IFERROR($B15*$H15*COS(RADIANS($F15))-$B15*$G15^2*SIN(RADIANS($F15))-$C15*$N15^2*SIN(RADIANS($K15))+$D15*$O15^2*SIN(RADIANS($L15)),"") | AV15: =IFERROR($B15*$H15*SIN(RADIANS($F15))+$B15*$G15^2*COS(RADIANS($F15))+$C15*$X15^2*COS(RADIANS($U15))-$D15*$Y15^2*COS(RADIANS($V15)),"") | AW15: =IFERROR($B15*$H15*COS(RADIANS($F15))-$B15*$G15^2*SIN(RADIANS($F15))-$C15*$X15^2*SIN(RADIANS($U15))+$D15*$Y15^2*SIN(RADIANS($V15)),"")
A16: 12 | K16: =IFERROR(MOD(DEGREES(2*ATAN((-$AP16-SQRT($AS16))/(2*$AO16))),360),"") | L16: =IFERROR(MOD(DEGREES(2*ATAN((-$AM16-SQRT($AR16))/(2*$AL16))),360),"") | M16: =IFERROR(IF(MOD($L16-$K16,180)>90,180-MOD($L16-$K16,180),MOD($L16-$K16,180)),"") | N16: =IFERROR($B16*$G16*SIN(RADIANS($L16-$F16))/($C16*SIN(RADIANS($K16-$L16))),"") | O16: =IFERROR($B16*$G16*SIN(RADIANS($F16-$K16))/($D16*SIN(RADIANS($L16-$K16))),"") | P16: =IFERROR(IF($B16="","",ABS($B16*$G16)),"") | Q16: =IFERROR(ABS($D16*$O16),"") | R16: =IFERROR(SQRT((-$B16*$G16*SIN(RADIANS($F16))-$I16*$N16*SIN(RADIANS($K16+$J16)))^2+($B16*$G16*COS(RADIANS($F16))+$I16*$N16*COS(RADIANS($K16+$J16)))^2),"") | S16: =IFERROR(($AT16*COS(RADIANS($L16))-$AU16*SIN(RADIANS($L16)))/($C16*SIN(RADIANS($L16-$K16))),"") | T16: =IFERROR(($AT16*COS(RADIANS($K16))-$AU16*SIN(RADIANS($K16)))/($D16*SIN(RADIANS($L16-$K16))),"") | U16: =IFERROR(MOD(DEGREES(2*ATAN((-$AP16+SQRT($AS16))/(2*$AO16))),360),"") | V16: =IFERROR(MOD(DEGREES(2*ATAN((-$AM16+SQRT($AR16))/(2*$AL16))),360),"") | W16: =IFERROR(IF(MOD($V16-$U16,180)>90,180-MOD($V16-$U16,180),MOD($V16-$U16,180)),"") | X16: =IFERROR($B16*$G16*SIN(RADIANS($V16-$F16))/($C16*SIN(RADIANS($U16-$V16))),"") | Y16: =IFERROR($B16*$G16*SIN(RADIANS($F16-$U16))/($D16*SIN(RADIANS($V16-$U16))),"") | Z16: =IFERROR(ABS($D16*$Y16),"") | AA16: =IFERROR(SQRT((-$B16*$G16*SIN(RADIANS($F16))-$I16*$X16*SIN(RADIANS($U16+$J16)))^2+($B16*$G16*COS(RADIANS($F16))+$I16*$X16*COS(RADIANS($U16+$J16)))^2),"") | AB16: =IFERROR(($AV16*COS(RADIANS($V16))-$AW16*SIN(RADIANS($V16)))/($C16*SIN(RADIANS($V16-$U16))),"") | AC16: =IFERROR(($AV16*COS(RADIANS($U16))-$AW16*SIN(RADIANS($U16)))/($D16*SIN(RADIANS($V16-$U16))),"") | AD16: =IF(COUNT($B16:$E16)<4,"",IF(MIN($B16:$E16)+MAX($B16:$E16)<SUM($B16:$E16)-MIN($B16:$E16)-MAX($B16:$E16),"Grashof",IF(MIN($B16:$E16)+MAX($B16:$E16)=SUM($B16:$E16)-MIN($B16:$E16)-MAX($B16:$E16),"Punto de cambio","No Grashof"))) | AE16: =IF(COUNT($B16:$E16)<4,"",IF(MIN($B16:$E16)+MAX($B16:$E16)>SUM($B16:$E16)-MIN($B16:$E16)-MAX($B16:$E16),"Triple balancin",IF(MIN($B16:$E16)+MAX($B16:$E16)=SUM($B16:$E16)-MIN($B16:$E16)-MAX($B16:$E16),"Punto de cambio",IF($E16=MIN($B16:$E16),"Doble manivela",IF($C16=MIN($B16:$E16),"Doble balancin","Manivela-balancin"))))) | AG16: =IFERROR($E16/$B16,"") | AH16: =IFERROR($E16/$D16,"") | AI16: =IFERROR(($B16^2-$C16^2+$D16^2+$E16^2)/(2*$B16*$D16),"") | AJ16: =IFERROR($E16/$C16,"") | AK16: =IFERROR(($D16^2-$E16^2-$B16^2-$C16^2)/(2*$B16*$C16),"") | AL16: =IFERROR(COS(RADIANS($F16))-$AG16-$AH16*COS(RADIANS($F16))+$AI16,"") | AM16: =IFERROR(IF($B16="","",-2*SIN(RADIANS($F16))),"") | AN16: =IFERROR($AG16-($AH16+1)*COS(RADIANS($F16))+$AI16,"") | AO16: =IFERROR(COS(RADIANS($F16))-$AG16+$AJ16*COS(RADIANS($F16))+$AK16,"") | AP16: =IFERROR(IF($B16="","",-2*SIN(RADIANS($F16))),"") | AQ16: =IFERROR($AG16+($AJ16-1)*COS(RADIANS($F16))+$AK16,"") | AR16: =IFERROR($AM16^2-4*$AL16*$AN16,"") | AS16: =IFERROR($AP16^2-4*$AO16*$AQ16,"") | AT16: =IFERROR($B16*$H16*SIN(RADIANS($F16))+$B16*$G16^2*COS(RADIANS($F16))+$C16*$N16^2*COS(RADIANS($K16))-$D16*$O16^2*COS(RADIANS($L16)),"") | AU16: =IFERROR($B16*$H16*COS(RADIANS($F16))-$B16*$G16^2*SIN(RADIANS($F16))-$C16*$N16^2*SIN(RADIANS($K16))+$D16*$O16^2*SIN(RADIANS($L16)),"") | AV16: =IFERROR($B16*$H16*SIN(RADIANS($F16))+$B16*$G16^2*COS(RADIANS($F16))+$C16*$X16^2*COS(RADIANS($U16))-$D16*$Y16^2*COS(RADIANS($V16)),"") | AW16: =IFERROR($B16*$H16*COS(RADIANS($F16))-$B16*$G16^2*SIN(RADIANS($F16))-$C16*$X16^2*SIN(RADIANS($U16))+$D16*$Y16^2*SIN(RADIANS($V16)),"")
A17: 13 | K17: =IFERROR(MOD(DEGREES(2*ATAN((-$AP17-SQRT($AS17))/(2*$AO17))),360),"") | L17: =IFERROR(MOD(DEGREES(2*ATAN((-$AM17-SQRT($AR17))/(2*$AL17))),360),"") | M17: =IFERROR(IF(MOD($L17-$K17,180)>90,180-MOD($L17-$K17,180),MOD($L17-$K17,180)),"") | N17: =IFERROR($B17*$G17*SIN(RADIANS($L17-$F17))/($C17*SIN(RADIANS($K17-$L17))),"") | O17: =IFERROR($B17*$G17*SIN(RADIANS($F17-$K17))/($D17*SIN(RADIANS($L17-$K17))),"") | P17: =IFERROR(IF($B17="","",ABS($B17*$G17)),"") | Q17: =IFERROR(ABS($D17*$O17),"") | R17: =IFERROR(SQRT((-$B17*$G17*SIN(RADIANS($F17))-$I17*$N17*SIN(RADIANS($K17+$J17)))^2+($B17*$G17*COS(RADIANS($F17))+$I17*$N17*COS(RADIANS($K17+$J17)))^2),"") | S17: =IFERROR(($AT17*COS(RADIANS($L17))-$AU17*SIN(RADIANS($L17)))/($C17*SIN(RADIANS($L17-$K17))),"") | T17: =IFERROR(($AT17*COS(RADIANS($K17))-$AU17*SIN(RADIANS($K17)))/($D17*SIN(RADIANS($L17-$K17))),"") | U17: =IFERROR(MOD(DEGREES(2*ATAN((-$AP17+SQRT($AS17))/(2*$AO17))),360),"") | V17: =IFERROR(MOD(DEGREES(2*ATAN((-$AM17+SQRT($AR17))/(2*$AL17))),360),"") | W17: =IFERROR(IF(MOD($V17-$U17,180)>90,180-MOD($V17-$U17,180),MOD($V17-$U17,180)),"") | X17: =IFERROR($B17*$G17*SIN(RADIANS($V17-$F17))/($C17*SIN(RADIANS($U17-$V17))),"") | Y17: =IFERROR($B17*$G17*SIN(RADIANS($F17-$U17))/($D17*SIN(RADIANS($V17-$U17))),"") | Z17: =IFERROR(ABS($D17*$Y17),"") | AA17: =IFERROR(SQRT((-$B17*$G17*SIN(RADIANS($F17))-$I17*$X17*SIN(RADIANS($U17+$J17)))^2+($B17*$G17*COS(RADIANS($F17))+$I17*$X17*COS(RADIANS($U17+$J17)))^2),"") | AB17: =IFERROR(($AV17*COS(RADIANS($V17))-$AW17*SIN(RADIANS($V17)))/($C17*SIN(RADIANS($V17-$U17))),"") | AC17: =IFERROR(($AV17*COS(RADIANS($U17))-$AW17*SIN(RADIANS($U17)))/($D17*SIN(RADIANS($V17-$U17))),"") | AD17: =IF(COUNT($B17:$E17)<4,"",IF(MIN($B17:$E17)+MAX($B17:$E17)<SUM($B17:$E17)-MIN($B17:$E17)-MAX($B17:$E17),"Grashof",IF(MIN($B17:$E17)+MAX($B17:$E17)=SUM($B17:$E17)-MIN($B17:$E17)-MAX($B17:$E17),"Punto de cambio","No Grashof"))) | AE17: =IF(COUNT($B17:$E17)<4,"",IF(MIN($B17:$E17)+MAX($B17:$E17)>SUM($B17:$E17)-MIN($B17:$E17)-MAX($B17:$E17),"Triple balancin",IF(MIN($B17:$E17)+MAX($B17:$E17)=SUM($B17:$E17)-MIN($B17:$E17)-MAX($B17:$E17),"Punto de cambio",IF($E17=MIN($B17:$E17),"Doble manivela",IF($C17=MIN($B17:$E17),"Doble balancin","Manivela-balancin"))))) | AG17: =IFERROR($E17/$B17,"") | AH17: =IFERROR($E17/$D17,"") | AI17: =IFERROR(($B17^2-$C17^2+$D17^2+$E17^2)/(2*$B17*$D17),"") | AJ17: =IFERROR($E17/$C17,"") | AK17: =IFERROR(($D17^2-$E17^2-$B17^2-$C17^2)/(2*$B17*$C17),"") | AL17: =IFERROR(COS(RADIANS($F17))-$AG17-$AH17*COS(RADIANS($F17))+$AI17,"") | AM17: =IFERROR(IF($B17="","",-2*SIN(RADIANS($F17))),"") | AN17: =IFERROR($AG17-($AH17+1)*COS(RADIANS($F17))+$AI17,"") | AO17: =IFERROR(COS(RADIANS($F17))-$AG17+$AJ17*COS(RADIANS($F17))+$AK17,"") | AP17: =IFERROR(IF($B17="","",-2*SIN(RADIANS($F17))),"") | AQ17: =IFERROR($AG17+($AJ17-1)*COS(RADIANS($F17))+$AK17,"") | AR17: =IFERROR($AM17^2-4*$AL17*$AN17,"") | AS17: =IFERROR($AP17^2-4*$AO17*$AQ17,"") | AT17: =IFERROR($B17*$H17*SIN(RADIANS($F17))+$B17*$G17^2*COS(RADIANS($F17))+$C17*$N17^2*COS(RADIANS($K17))-$D17*$O17^2*COS(RADIANS($L17)),"") | AU17: =IFERROR($B17*$H17*COS(RADIANS($F17))-$B17*$G17^2*SIN(RADIANS($F17))-$C17*$N17^2*SIN(RADIANS($K17))+$D17*$O17^2*SIN(RADIANS($L17)),"") | AV17: =IFERROR($B17*$H17*SIN(RADIANS($F17))+$B17*$G17^2*COS(RADIANS($F17))+$C17*$X17^2*COS(RADIANS($U17))-$D17*$Y17^2*COS(RADIANS($V17)),"") | AW17: =IFERROR($B17*$H17*COS(RADIANS($F17))-$B17*$G17^2*SIN(RADIANS($F17))-$C17*$X17^2*SIN(RADIANS($U17))+$D17*$Y17^2*SIN(RADIANS($V17)),"")
... A54: 50 | K54: =IFERROR(MOD(DEGREES(2*ATAN((-$AP54-SQRT($AS54))/(2*$AO54))),360),"") | L54: =IFERROR(MOD(DEGREES(2*ATAN((-$AM54-SQRT($AR54))/(2*$AL54))),360),"") | M54: =IFERROR(IF(MOD($L54-$K54,180)>90,180-MOD($L54-$K54,180),MOD($L54-$K54,180)),"") | N54: =IFERROR($B54*$G54*SIN(RADIANS($L54-$F54))/($C54*SIN(RADIANS($K54-$L54))),"") | O54: =IFERROR($B54*$G54*SIN(RADIANS($F54-$K54))/($D54*SIN(RADIANS($L54-$K54))),"") | P54: =IFERROR(IF($B54="","",ABS($B54*$G54)),"") | Q54: =IFERROR(ABS($D54*$O54),"") | R54: =IFERROR(SQRT((-$B54*$G54*SIN(RADIANS($F54))-$I54*$N54*SIN(RADIANS($K54+$J54)))^2+($B54*$G54*COS(RADIANS($F54))+$I54*$N54*COS(RADIANS($K54+$J54)))^2),"") | S54: =IFERROR(($AT54*COS(RADIANS($L54))-$AU54*SIN(RADIANS($L54)))/($C54*SIN(RADIANS($L54-$K54))),"") | T54: =IFERROR(($AT54*COS(RADIANS($K54))-$AU54*SIN(RADIANS($K54)))/($D54*SIN(RADIANS($L54-$K54))),"") | U54: =IFERROR(MOD(DEGREES(2*ATAN((-$AP54+SQRT($AS54))/(2*$AO54))),360),"") | V54: =IFERROR(MOD(DEGREES(2*ATAN((-$AM54+SQRT($AR54))/(2*$AL54))),360),"") | W54: =IFERROR(IF(MOD($V54-$U54,180)>90,180-MOD($V54-$U54,180),MOD($V54-$U54,180)),"") | X54: =IFERROR($B54*$G54*SIN(RADIANS($V54-$F54))/($C54*SIN(RADIANS($U54-$V54))),"") | Y54: =IFERROR($B54*$G54*SIN(RADIANS($F54-$U54))/($D54*SIN(RADIANS($V54-$U54))),"") | Z54: =IFERROR(ABS($D54*$Y54),"") | AA54: =IFERROR(SQRT((-$B54*$G54*SIN(RADIANS($F54))-$I54*$X54*SIN(RADIANS($U54+$J54)))^2+($B54*$G54*COS(RADIANS($F54))+$I54*$X54*COS(RADIANS($U54+$J54)))^2),"") | AB54: =IFERROR(($AV54*COS(RADIANS($V54))-$AW54*SIN(RADIANS($V54)))/($C54*SIN(RADIANS($V54-$U54))),"") | AC54: =IFERROR(($AV54*COS(RADIANS($U54))-$AW54*SIN(RADIANS($U54)))/($D54*SIN(RADIANS($V54-$U54))),"") | AD54: =IF(COUNT($B54:$E54)<4,"",IF(MIN($B54:$E54)+MAX($B54:$E54)<SUM($B54:$E54)-MIN($B54:$E54)-MAX($B54:$E54),"Grashof",IF(MIN($B54:$E54)+MAX($B54:$E54)=SUM($B54:$E54)-MIN($B54:$E54)-MAX($B54:$E54),"Punto de cambio","No Grashof"))) | AE54: =IF(COUNT($B54:$E54)<4,"",IF(MIN($B54:$E54)+MAX($B54:$E54)>SUM($B54:$E54)-MIN($B54:$E54)-MAX($B54:$E54),"Triple balancin",IF(MIN($B54:$E54)+MAX($B54:$E54)=SUM($B54:$E54)-MIN($B54:$E54)-MAX($B54:$E54),"Punto de cambio",IF($E54=MIN($B54:$E54),"Doble manivela",IF($C54=MIN($B54:$E54),"Doble balancin","Manivela-balancin"))))) | AG54: =IFERROR($E54/$B54,"") | AH54: =IFERROR($E54/$D54,"") | AI54: =IFERROR(($B54^2-$C54^2+$D54^2+$E54^2)/(2*$B54*$D54),"") | AJ54: =IFERROR($E54/$C54,"") | AK54: =IFERROR(($D54^2-$E54^2-$B54^2-$C54^2)/(2*$B54*$C54),"") | AL54: =IFERROR(COS(RADIANS($F54))-$AG54-$AH54*COS(RADIANS($F54))+$AI54,"") | AM54: =IFERROR(IF($B54="","",-2*SIN(RADIANS($F54))),"") | AN54: =IFERROR($AG54-($AH54+1)*COS(RADIANS($F54))+$AI54,"") | AO54: =IFERROR(COS(RADIANS($F54))-$AG54+$AJ54*COS(RADIANS($F54))+$AK54,"") | AP54: =IFERROR(IF($B54="","",-2*SIN(RADIANS($F54))),"") | AQ54: =IFERROR($AG54+($AJ54-1)*COS(RADIANS($F54))+$AK54,"") | AR54: =IFERROR($AM54^2-4*$AL54*$AN54,"") | AS54: =IFERROR($AP54^2-4*$AO54*$AQ54,"") | AT54: =IFERROR($B54*$H54*SIN(RADIANS($F54))+$B54*$G54^2*COS(RADIANS($F54))+$C54*$N54^2*COS(RADIANS($K54))-$D54*$O54^2*COS(RADIANS($L54)),"") | AU54: =IFERROR($B54*$H54*COS(RADIANS($F54))-$B54*$G54^2*SIN(RADIANS($F54))-$C54*$N54^2*SIN(RADIANS($K54))+$D54*$O54^2*SIN(RADIANS($L54)),"") | AV54: =IFERROR($B54*$H54*SIN(RADIANS($F54))+$B54*$G54^2*COS(RADIANS($F54))+$C54*$X54^2*COS(RADIANS($U54))-$D54*$Y54^2*COS(RADIANS($V54)),"") | AW54: =IFERROR($B54*$H54*COS(RADIANS($F54))-$B54*$G54^2*SIN(RADIANS($F54))-$C54*$X54^2*SIN(RADIANS($U54))+$D54*$Y54^2*SIN(RADIANS($V54)),"")
